报告期,报表核心指标,*现金及现金等价物净增加额,*经营活动产生的现金流量净额,*投资活动产生的现金流量净额,*筹资活动产生的现金流量净额,*期末现金及现金等价物余额,报表全部指标,一、经营活动产生的现金流量,销售商品、提供劳务收到的现金,收到的税费与返还,收到其他与经营活动有关的现金,经营活动现金流入小计,购买商品、接受劳务支付的现金,支付给职工以及为职工支付的现金,支付的各项税费,支付其他与经营活动有关的现金,经营活动现金流出小计,经营活动产生的现金流量净额,二、投资活动产生的现金流量,收回投资收到的现金,取得投资收益收到的现金,处置固定资产、无形资产和其他长期资产收回的现金净额,收到其他与投资活动有关的现金,投资活动现金流入小计,购建固定资产、无形资产和其他长期资产支付的现金,投资支付的现金,支付其他与投资活动有关的现金,投资活动现金流出小计,投资活动产生的现金流量净额,三、筹资活动产生的现金流量,吸收投资收到的现金,其中：子公司吸收少数股东投资收到的现金,取得借款收到的现金,收到其他与筹资活动有关的现金,筹资活动现金流入小计,偿还债务支付的现金,分配股利、利润或偿付利息支付的现金,其中：子公司支付给少数股东的股利、利润,支付其他与筹资活动有关的现金,筹资活动现金流出小计,筹资活动产生的现金流量净额,四、汇率变动对现金及现金等价物的影响,五、现金及现金等价物净增加额,加：期初现金及现金等价物余额,六、期末现金及现金等价物余额,补充资料：,1、将净利润调节为经营活动现金流量：,净利润,加：资产减值准备,固定资产折旧、油气资产折耗、生产性生物资产折旧,无形资产摊销,长期待摊费用摊销,处置固定资产、无形资产和其他长期资产的损失,固定资产报废损失,公允价值变动损失,财务费用,投资损失,递延所得税资产减少,递延所得税负债增加,存货的减少,经营性应收项目的减少,经营性应付项目的增加,其他,间接法-经营活动产生的现金流量净额,2、不涉及现金收支的重大投资和筹资活动：,3、现金及现金等价物净变动情况：,现金的期末余额,减：现金的期初余额,加：现金等价物的期末余额,减：现金等价物的期初余额,间接法-现金及现金等价物净增加额
2025-09-30,,-104.68亿,381.97亿,-54.23亿,-432.44亿,1595.02亿,,,1387.92亿,False,44.30亿,1367.34亿,85.95亿,123.93亿,591.09亿,75.67亿,985.37亿,381.97亿,,131.05亿,8020.29万,8.70万,2470.83万,132.10亿,22.83亿,163.46亿,480.87万,186.34亿,-54.23亿,,False,False,False,False,False,False,372.13亿,25.41亿,60.31亿,432.44亿,-432.44亿,274.25万,-104.68亿,1699.70亿,1595.02亿,,,False,False,False,False,False,False,False,False,False,False,False,False,False,False,False,False,False,,,False,False,False,False,False
2025-06-30,,-270.85亿,131.19亿,-3.14亿,-398.93亿,1428.85亿,,,950.87亿,False,39.59亿,980.03亿,60.76亿,99.66亿,416.70亿,40.72亿,848.83亿,131.19亿,,13.45亿,3752.70万,4.74万,234.26万,13.85亿,15.96亿,1.00亿,340.81万,16.99亿,-3.14亿,,False,False,False,False,False,False,346.71亿,False,52.22亿,398.93亿,-398.93亿,327.70万,-270.85亿,1699.70亿,1428.85亿,,,469.87亿,False,9.67亿,1.40亿,1056.05万,-51.19万,170.96万,-175.80万,436.96万,-5.92万,-1.34亿,-3721.30万,-6.28亿,-206.79亿,-135.06亿,False,131.19亿,,,1343.99亿,1642.98亿,84.86亿,56.72亿,-270.85亿
2025-03-31,,65.78亿,88.09亿,-6.24亿,-16.07亿,1765.48亿,,,561.44亿,False,16.89亿,505.84亿,26.63亿,76.62亿,221.68亿,11.27亿,417.75亿,88.09亿,,2.45亿,3239.73万,7800.00,169.20万,2.79亿,9.01亿,False,235.06万,9.03亿,-6.24亿,,False,False,False,False,False,False,False,False,16.07亿,16.07亿,-16.07亿,83.26万,65.78亿,1699.70亿,1765.48亿,,,False,False,False,False,False,False,False,False,False,False,False,False,False,False,False,False,False,,,False,False,False,False,False
2024-12-31,,196.10亿,924.64亿,-17.85亿,-710.68亿,1699.70亿,,,1826.45亿,False,32.58亿,2000.86亿,108.25亿,153.53亿,770.56亿,90.15亿,1076.23亿,924.64亿,,85.50亿,9238.22万,71.57万,553.25万,86.49亿,46.79亿,57.45亿,998.50万,104.34亿,-17.85亿,,False,False,False,False,False,False,709.51亿,21.64亿,1.16亿,710.68亿,-710.68亿,-108.27万,196.10亿,1503.60亿,1699.70亿,,,893.35亿,False,18.16亿,2.49亿,2019.16万,-38.89万,728.73万,-6098.07万,1447.46万,-913.03万,-8.74亿,2442.47万,-79.08亿,17.61亿,80.66亿,False,924.64亿,,,1642.98亿,1473.60亿,56.72亿,30.00亿,196.10亿
2024-09-30,,48.27亿,444.21亿,-6.05亿,-389.89亿,1551.87亿,,,1296.85亿,281.82万,23.74亿,1346.38亿,81.49亿,126.69亿,567.21亿,69.92亿,902.17亿,444.21亿,,62.00亿,6839.95万,7.50万,553.25万,62.74亿,28.74亿,40.00亿,504.98万,68.79亿,-6.05亿,,False,False,False,False,False,False,389.42亿,1.56亿,4685.46万,389.89亿,-389.89亿,-6.54万,48.27亿,1503.60亿,1551.87亿,,,False,False,False,False,False,False,False,False,False,False,False,False,False,False,False,False,False,,,False,False,False,False,False
2024-06-30,,-50.93亿,366.22亿,-28.99亿,-388.16亿,1452.67亿,,,870.94亿,281.82万,22.59亿,1022.42亿,49.60亿,100.32亿,389.82亿,40.17亿,656.20亿,366.22亿,,26.00亿,3130.81万,7.45万,523.25万,26.37亿,15.31亿,40.00亿,448.38万,55.35亿,-28.99亿,,False,False,False,False,False,False,387.86亿,False,2927.67万,388.16亿,-388.16亿,-69.90万,-50.93亿,1503.60亿,1452.67亿,,,431.77亿,False,8.84亿,1.09亿,872.11万,-6.73万,23.02万,-3553.38万,574.81万,-228.81万,-3.28亿,-78.65万,-13.31亿,-79.39亿,20.57亿,False,366.22亿,,,1382.67亿,1473.60亿,70.00亿,30.00亿,-50.93亿
2024-03-31,,84.08亿,91.87亿,-7.67亿,-1175.63万,1587.69亿,,,462.57亿,False,12.28亿,445.46亿,15.16亿,72.00亿,207.27亿,24.23亿,353.58亿,91.87亿,,False,2747.85万,6.60万,512.22万,3266.67万,7.96亿,False,309.01万,7.99亿,-7.67亿,,False,False,False,False,False,False,False,False,1175.63万,1175.63万,-1175.63万,-67.18万,84.08亿,1503.60亿,1587.69亿,,,False,False,False,False,False,False,False,False,False,False,False,False,False,False,False,False,False,,,False,False,False,False,False
2023-12-31,,-20.19亿,665.93亿,-97.24亿,-588.89亿,1503.60亿,,,1637.00亿,150.00万,23.46亿,1682.56亿,110.29亿,138.45亿,666.83亿,79.44亿,1016.63亿,665.93亿,,75.50亿,1.41亿,2494.84万,460.59万,77.20亿,26.20亿,148.18亿,702.19万,174.45亿,-97.24亿,,False,False,False,False,False,False,587.55亿,22.05亿,1.34亿,588.89亿,-588.89亿,171.83万,-20.19亿,1523.79亿,1503.60亿,,,775.21亿,False,17.24亿,1.97亿,1688.66万,47.97万,-163.23万,-315.20万,1262.46万,-3402.60万,-10.51亿,-8368.50万,-76.11亿,-34.65亿,-5.92亿,False,665.93亿,,,1473.60亿,1523.79亿,30.00亿,False,-20.19亿
2023-09-30,,69.61亿,500.02亿,-83.16亿,-347.25亿,1593.40亿,,,1112.54亿,150.00万,22.82亿,1125.10亿,78.32亿,111.36亿,490.77亿,49.82亿,625.08亿,500.02亿,,20.00亿,1.29亿,93.47万,372.68万,21.34亿,19.45亿,85.00亿,607.12万,104.50亿,-83.16亿,,False,False,False,False,False,False,346.61亿,21.12亿,6329.22万,347.25亿,-347.25亿,63.50万,69.61亿,1523.79亿,1593.40亿,,,False,False,False,False,False,False,False,False,False,False,False,False,False,False,False,False,False,,,False,False,False,False,False
2023-06-30,,-26.89亿,303.87亿,-4.80亿,-325.97亿,1496.90亿,,,690.73亿,150.00万,15.42亿,687.89亿,60.74亿,90.00亿,328.76亿,28.66亿,384.02亿,303.87亿,,20.00亿,1.28亿,80.64万,127.30万,21.30亿,14.05亿,12.00亿,543.95万,26.10亿,-4.80亿,,False,False,False,False,False,False,325.49亿,False,4815.22万,325.97亿,-325.97亿,191.71万,-26.89亿,1523.79亿,1496.90亿,,,373.32亿,False,8.60亿,9261.82万,657.79万,327.75万,639.69万,7.98万,626.18万,-407.87万,-5.00亿,-7872.82万,-20.44亿,124.39亿,-176.78亿,False,303.87亿,,,1442.20亿,1523.79亿,54.71亿,False,-26.89亿
2023-03-31,,54.40亿,52.45亿,2.18亿,-2312.00万,1578.19亿,,,357.63亿,False,3.48亿,319.54亿,29.10亿,63.55亿,171.81亿,22.30亿,267.09亿,52.45亿,,20.00亿,1.28亿,8800.00,45.90万,21.28亿,9.06亿,10.00亿,439.14万,19.10亿,2.18亿,,False,False,False,False,False,False,False,False,2312.00万,2312.00万,-2312.00万,29.50万,54.40亿,1523.79亿,1578.19亿,,,False,False,False,False,False,False,False,False,False,False,False,False,False,False,False,False,False,,,False,False,False,False,False
2022-12-31,,-262.62亿,366.99亿,-55.37亿,-574.25亿,1523.79亿,,,1406.92亿,3319.19万,27.59亿,1378.16亿,83.58亿,117.52亿,620.43亿,51.23亿,1011.17亿,366.99亿,,False,588.00万,35.51万,497.18万,1120.69万,53.07亿,2.10亿,3148.68万,55.48亿,-55.37亿,,False,False,False,False,False,False,573.70亿,26.19亿,5433.28万,574.25亿,-574.25亿,91.11万,-262.62亿,1786.41亿,1523.79亿,,,653.76亿,False,15.21亿,1.56亿,1148.76万,-21.32万,2078.10万,False,1202.32万,-6384.00万,-12.11亿,-1178.99万,-54.30亿,-150.52亿,-86.45亿,False,366.99亿,,,1523.79亿,1786.41亿,False,False,-262.62亿
2022-09-30,,-231.31亿,94.05亿,-26.71亿,-298.65亿,1555.09亿,,,960.28亿,False,18.98亿,870.46亿,65.61亿,94.55亿,481.92亿,28.87亿,776.41亿,94.05亿,,False,False,23.40万,479.05万,502.45万,26.39亿,1000.00万,2718.66万,26.76亿,-26.71亿,,False,False,False,False,False,False,298.23亿,25.95亿,4224.33万,298.65亿,-298.65亿,-70.86万,-231.31亿,1786.41亿,1555.09亿,,,False,False,False,False,False,False,False,False,False,False,False,False,False,False,False,False,False,,,False,False,False,False,False
2022-06-30,,-300.36亿,-1116.39万,-17.05亿,-283.19亿,1486.05亿,,,611.57亿,False,17.23亿,596.54亿,45.33亿,73.36亿,341.05亿,23.32亿,596.65亿,-1116.39万,,False,False,22.13万,391.18万,413.31万,16.86亿,False,2367.17万,17.10亿,-17.05亿,,False,False,False,False,False,False,282.93亿,23.76亿,2522.48万,283.19亿,-283.19亿,-65.32万,-300.36亿,1786.41亿,1486.05亿,,,311.05亿,False,7.41亿,7611.83万,531.35万,-34.32万,27.60万,False,541.66万,-3192.00万,-8.97亿,False,-15.12亿,-114.02亿,-181.03亿,False,-1116.39万,,,1486.05亿,1786.41亿,False,False,-300.36亿
2022-03-31,,-81.20亿,-68.76亿,-12.40亿,-384.61万,1705.20亿,,,314.88亿,False,9.35亿,234.13亿,26.56亿,54.32亿,185.04亿,8.09亿,302.89亿,-68.76亿,,False,False,13.82万,257.33万,271.15万,12.23亿,False,1962.56万,12.43亿,-12.40亿,,False,False,False,False,False,False,False,False,384.61万,384.61万,-384.61万,-39.70万,-81.20亿,1786.41亿,1705.20亿,,,False,False,False,False,False,False,False,False,False,False,False,False,False,False,False,False,False,,,False,False,False,False,False
2021-12-31,,319.00亿,640.29亿,-55.62亿,-265.64亿,1786.41亿,,,1193.21亿,False,16.44亿,1316.21亿,77.46亿,100.61亿,446.10亿,43.69亿,675.92亿,640.29亿,,607.99万,86.00万,246.35万,998.35万,1938.69万,34.09亿,21.50亿,2304.80万,55.82亿,-55.62亿,,False,False,False,False,False,False,264.76亿,22.40亿,8812.15万,265.64亿,-265.64亿,-202.65万,319.00亿,1467.41亿,1786.41亿,,,557.21亿,False,14.46亿,1.24亿,1068.79万,False,1192.08万,224.47万,1352.99万,-5825.59万,-11.14亿,-145.75万,-45.25亿,5.04亿,118.81亿,False,640.29亿,,,1786.41亿,1467.41亿,False,False,319.00亿
2021-09-30,,59.57亿,367.52亿,-42.66亿,-265.28亿,1526.97亿,,,794.30亿,False,14.61亿,904.37亿,63.68亿,80.00亿,365.56亿,24.89亿,536.85亿,367.52亿,,False,False,6900.00,603.43万,604.13万,22.51亿,20.00亿,2070.68万,42.72亿,-42.66亿,,False,False,False,False,False,False,264.76亿,22.40亿,5227.19万,265.28亿,-265.28亿,-116.65万,59.57亿,1467.41亿,1526.97亿,,,False,False,False,False,False,False,False,False,False,False,False,False,False,False,False,False,False,,,False,False,False,False,False
2021-06-30,,-85.61亿,217.19亿,-38.72亿,-264.08亿,1381.80亿,,,502.70亿,False,12.16亿,621.80亿,42.77亿,61.85亿,261.75亿,13.85亿,404.61亿,217.19亿,,False,False,False,6.99万,6.99万,18.54亿,20.00亿,1801.29万,38.72亿,-38.72亿,,False,False,False,False,False,False,263.60亿,21.24亿,4797.57万,264.08亿,-264.08亿,-73.22万,-85.61亿,1467.41亿,1381.80亿,,,262.07亿,False,6.86亿,6034.23万,525.61万,False,3.24万,224.47万,1283.52万,-2784.13万,-1.12亿,-56.12万,-17.86亿,-24.49亿,-8.66亿,False,217.19亿,,,1381.80亿,1467.41亿,False,False,-85.61亿
2021-03-31,,-29.51亿,-14.85亿,-14.24亿,-4155.75万,1437.90亿,,,223.01亿,False,2.07亿,240.42亿,22.32亿,42.70亿,155.59亿,10.17亿,255.27亿,-14.85亿,,False,False,False,6.99万,6.99万,14.11亿,False,1278.43万,14.24亿,-14.24亿,,False,False,False,False,False,False,False,False,4155.75万,4155.75万,-4155.75万,-68.42万,-29.51亿,1467.41亿,1437.90亿,,,False,False,False,False,False,False,False,False,False,False,False,False,False,False,False,False,False,,,False,False,False,False,False
2020-12-31,,257.37亿,516.69亿,-18.05亿,-241.28亿,1467.41亿,,,1070.24亿,False,2.21亿,1135.11亿,72.31亿,81.62亿,416.23亿,40.47亿,618.42亿,516.69亿,,3.15亿,False,49.59万,667.53万,3.22亿,20.90亿,2000.00万,1753.54万,21.27亿,-18.05亿,,False,False,False,False,False,False,240.91亿,27.04亿,3650.72万,241.28亿,-241.28亿,38.06万,257.37亿,1210.04亿,1467.41亿,,,495.23亿,False,11.96亿,1.10亿,1056.28万,False,10.01万,-489.80万,False,-30.56万,-2327.81万,-7123.51万,-35.84亿,-5.04亿,49.45亿,False,516.69亿,,,1467.41亿,1210.04亿,False,False,257.37亿
2020-09-30,,-8088.99万,251.11亿,-13.14亿,-238.78亿,1209.23亿,,,713.49亿,False,1.27亿,730.30亿,55.63亿,66.05亿,332.19亿,29.91亿,479.19亿,251.11亿,,3.15亿,False,False,False,3.15亿,16.15亿,False,1363.71万,16.29亿,-13.14亿,,False,False,False,False,False,False,238.78亿,24.92亿,False,238.78亿,-238.78亿,29.64万,-8088.99万,1210.04亿,1209.23亿,,,False,False,False,False,False,False,False,False,False,False,False,False,False,False,False,False,False,,,False,False,False,False,False
2020-06-30,,-120.86亿,126.21亿,-9.73亿,-237.34亿,1089.18亿,,,464.46亿,False,8685.24万,465.89亿,33.83亿,51.69亿,232.26亿,16.90亿,339.68亿,126.21亿,,False,False,False,False,False,9.64亿,False,877.73万,9.73亿,-9.73亿,,False,False,False,False,False,False,237.34亿,23.47亿,False,237.34亿,-237.34亿,26.40万,-120.86亿,1210.04亿,1089.18亿,,,239.28亿,False,5.92亿,5440.48万,536.69万,False,1.06万,-731.71万,False,False,6164.83万,182.93万,-10.10亿,-1.04亿,-109.77亿,False,126.21亿,,,1089.18亿,1210.04亿,False,False,-120.86亿
2020-03-31,,14.32亿,23.03亿,-4.20亿,-4.51亿,1224.35亿,,,218.66亿,False,5019.48万,196.18亿,15.45亿,36.63亿,134.14亿,11.20亿,173.15亿,23.03亿,,False,False,False,False,False,4.14亿,False,576.29万,4.20亿,-4.20亿,,False,False,False,False,False,False,4.51亿,4.51亿,False,4.51亿,-4.51亿,-1200.00,14.32亿,1210.04亿,1224.35亿,,,False,False,False,False,False,False,False,False,False,False,False,False,False,False,False,False,False,,,False,False,False,False,False
2019-12-31,,227.61亿,452.11亿,-31.66亿,-192.84亿,1210.04亿,,,949.80亿,False,12.34亿,994.44亿,55.22亿,76.70亿,398.41亿,53.15亿,542.34亿,452.11亿,,False,False,3.81万,732.11万,735.92万,31.49亿,False,2418.02万,31.73亿,-31.66亿,,8.33亿,8.33亿,False,False,8.33亿,False,201.17亿,18.54亿,False,201.17亿,-192.84亿,2.72万,227.61亿,982.43亿,1210.04亿,,,439.70亿,531.35万,11.50亿,8326.21万,1033.15万,3.21万,47.84万,1401.85万,False,False,-5089.07万,-350.46万,-17.78亿,34.25亿,-16.15亿,False,452.11亿,,,1210.04亿,982.43亿,False,False,227.61亿
2019-09-30,,59.87亿,273.15亿,-20.40亿,-192.88亿,1042.30亿,,,661.68亿,False,12.19亿,694.48亿,40.91亿,60.01亿,325.42亿,42.87亿,421.32亿,273.15亿,,False,False,False,732.11万,732.11万,20.28亿,False,1955.19万,20.48亿,-20.40亿,,8.33亿,8.33亿,False,False,8.33亿,False,201.21亿,17.97亿,False,201.21亿,-192.88亿,-5.33万,59.87亿,982.43亿,1042.30亿,,,False,False,False,False,False,False,False,False,False,False,False,False,False,False,False,False,False,,,False,False,False,False,False
2019-06-30,,39.18亿,240.87亿,-11.36亿,-190.32亿,1021.62亿,,,433.29亿,False,11.87亿,582.52亿,27.91亿,45.77亿,244.00亿,23.77亿,341.65亿,240.87亿,,False,False,False,407.77万,407.77万,11.25亿,False,1566.94万,11.40亿,-11.36亿,,8.33亿,8.33亿,False,False,8.33亿,False,198.65亿,17.97亿,False,198.65亿,-190.32亿,-3.01万,39.18亿,982.43亿,1021.62亿,,,211.97亿,False,5.77亿,4028.13万,516.57万,False,10.66万,-591.00万,False,False,-696.96万,147.75万,-5.07亿,-2.82亿,30.57亿,False,240.87亿,,,1021.62亿,982.43亿,False,False,39.18亿
2019-03-31,,5.71亿,11.89亿,-6.18亿,False,988.14亿,,,227.58亿,False,1.05亿,234.51亿,17.66亿,32.32亿,172.77亿,9.05亿,222.62亿,11.89亿,,False,False,False,61.40万,61.40万,6.09亿,False,943.54万,6.19亿,-6.18亿,,False,False,False,False,False,False,False,False,False,False,False,-21.39万,5.71亿,982.43亿,988.14亿,,,False,False,False,False,False,False,False,False,False,False,False,False,False,False,False,False,False,,,False,False,False,False,False
2018-12-31,,233.15亿,413.85亿,-16.29亿,-164.41亿,982.43亿,,,842.69亿,False,6.22亿,893.46亿,52.99亿,66.53亿,320.32亿,29.36亿,479.60亿,413.85亿,,False,False,False,1124.42万,1124.42万,16.07亿,False,3345.67万,16.40亿,-16.29亿,,False,False,False,False,False,False,164.41亿,26.24亿,False,164.41亿,-164.41亿,2.90万,233.15亿,749.28亿,982.43亿,,,378.30亿,128.97万,10.85亿,8043.17万,1033.11万,False,180.89万,False,False,False,3.53亿,False,-14.49亿,5.26亿,29.48亿,False,413.85亿,,,982.43亿,749.28亿,False,False,233.15亿
2018-09-30,,107.63亿,282.21亿,-10.23亿,-164.35亿,856.91亿,,,576.19亿,False,5.94亿,690.27亿,36.76亿,51.16亿,275.79亿,21.88亿,408.05亿,282.21亿,,False,False,False,841.05万,841.05万,10.16亿,False,1505.64万,10.32亿,-10.23亿,,False,False,False,False,False,False,164.35亿,26.18亿,False,164.35亿,-164.35亿,7.27万,107.63亿,749.28亿,856.91亿,,,False,False,False,False,False,False,False,False,False,False,False,False,False,False,False,False,False,,,False,False,False,False,False
2018-06-30,,31.40亿,177.35亿,-7.40亿,-138.55亿,780.68亿,,,346.11亿,False,4.89亿,393.45亿,22.77亿,39.72亿,215.10亿,11.78亿,216.10亿,177.35亿,,False,False,False,81.57万,81.57万,7.17亿,False,2395.76万,7.41亿,-7.40亿,,False,False,False,False,False,False,138.55亿,3800.00万,False,138.55亿,-138.55亿,-1.71万,31.40亿,749.28亿,780.68亿,,,169.21亿,122.13万,5.44亿,3985.00万,506.11万,False,24.24万,False,False,False,1.86亿,False,-2987.01万,3.47亿,-2.80亿,False,177.35亿,,,780.68亿,749.28亿,False,False,31.40亿
2018-03-31,,43.44亿,49.36亿,-5.92亿,False,792.72亿,,,193.66亿,False,5.07亿,184.02亿,13.41亿,23.60亿,140.32亿,5.78亿,134.67亿,49.36亿,,False,False,False,15.02万,15.02万,5.75亿,False,1742.23万,5.92亿,-5.92亿,,False,False,False,False,False,False,False,False,False,False,False,-8500.00,43.44亿,749.28亿,792.72亿,,,False,False,False,False,False,False,False,False,False,False,False,False,False,False,False,False,False,,,False,False,False,False,False
2017-12-31,,121.33亿,221.53亿,-11.21亿,-88.99亿,749.28亿,,,644.21亿,False,5.42亿,673.69亿,48.76亿,54.90亿,230.66亿,29.40亿,452.16亿,221.53亿,,False,False,1.65万,2143.07万,2144.71万,11.25亿,False,1707.51万,11.42亿,-11.21亿,,600.00万,600.00万,False,False,600.00万,False,89.05亿,3.79亿,False,89.05亿,-88.99亿,7.29万,121.33亿,627.95亿,749.28亿,,,290.06亿,-805.37万,10.35亿,8052.27万,1025.91万,False,329.19万,False,False,False,3.44亿,False,-14.35亿,-4.59亿,-64.24亿,False,221.53亿,,,749.28亿,627.95亿,False,False,121.33亿
2017-09-30,,131.46亿,227.87亿,-7.48亿,-88.93亿,759.41亿,,,489.01亿,False,5.79亿,525.02亿,33.86亿,44.11亿,190.60亿,19.45亿,297.16亿,227.87亿,,False,False,1.65万,1811.60万,1813.25万,7.57亿,False,891.32万,7.66亿,-7.48亿,,600.00万,600.00万,False,False,600.00万,False,88.99亿,3.73亿,False,88.99亿,-88.93亿,8.01万,131.46亿,627.95亿,759.41亿,,,False,False,False,False,False,False,False,False,False,False,False,False,False,False,False,False,False,,,False,False,False,False,False
2017-06-30,,61.01亿,69.35亿,-4.71亿,-3.64亿,688.96亿,,,281.52亿,False,4.33亿,278.54亿,21.46亿,34.05亿,132.84亿,13.05亿,209.19亿,69.35亿,,False,False,False,1743.54万,1743.54万,4.81亿,False,712.48万,4.88亿,-4.71亿,,600.00万,600.00万,False,False,600.00万,False,3.70亿,3.70亿,False,3.70亿,-3.64亿,6.84万,61.01亿,627.95亿,688.96亿,,,120.44亿,-320.52万,5.16亿,4023.71万,514.04万,False,11.54万,False,False,False,-8990.88万,False,-2.28亿,-8.67亿,-44.82亿,False,69.35亿,,,688.96亿,627.95亿,False,False,61.01亿
2017-03-31,,58.09亿,61.09亿,-3.00亿,False,686.03亿,,,173.91亿,False,2.60亿,179.35亿,13.40亿,23.74亿,74.77亿,5.38亿,118.26亿,61.09亿,,False,False,False,1333.60万,1333.60万,3.07亿,False,630.64万,3.14亿,-3.00亿,,False,False,False,False,False,False,False,False,False,False,False,1.03万,58.09亿,627.95亿,686.03亿,,,False,False,False,False,False,False,False,False,False,False,False,False,False,False,False,False,False,,,False,False,False,False,False
2016-12-31,,280.14亿,374.51亿,-11.03亿,-83.35亿,627.95亿,,,610.13亿,False,1.89亿,672.79亿,27.73亿,46.74亿,175.11亿,23.71亿,298.28亿,374.51亿,,False,False,9.21万,556.24万,565.44万,10.19亿,False,8897.71万,11.08亿,-11.03亿,,1600.00万,1600.00万,False,False,1600.00万,False,83.51亿,5.32亿,False,83.51亿,-83.35亿,7.23万,280.14亿,347.80亿,627.95亿,,,179.31亿,1232.75万,8.43亿,8045.79万,1100.87万,False,186.99万,False,False,False,-5.90亿,False,-26.09亿,76.70亿,141.02亿,False,374.51亿,,,627.95亿,347.80亿,False,False,280.14亿
2016-09-30,,234.78亿,325.35亿,-7.73亿,-82.84亿,582.58亿,,,463.86亿,False,5075.67万,538.26亿,16.90亿,37.02亿,129.17亿,11.53亿,212.91亿,325.35亿,,False,False,7.52万,544.74万,552.25万,7.75亿,False,374.06万,7.79亿,-7.73亿,,False,False,False,False,False,False,82.84亿,5.32亿,False,82.84亿,-82.84亿,12.98万,234.78亿,347.80亿,582.58亿,,,False,False,False,False,False,False,False,False,False,False,False,False,False,False,False,False,False,,,False,False,False,False,False
2016-06-30,,97.65亿,136.04亿,-5.56亿,-32.83亿,445.46亿,,,257.50亿,False,3969.45万,280.74亿,13.04亿,26.99亿,88.63亿,7.79亿,144.70亿,136.04亿,,False,False,7.38万,395.64万,403.02万,4.97亿,False,6293.20万,5.60亿,-5.56亿,,False,False,False,False,False,False,32.83亿,5.09亿,False,32.83亿,-32.83亿,9.25万,97.65亿,347.80亿,445.46亿,,,93.77亿,553.63万,4.18亿,4008.10万,568.15万,False,-4.31万,False,False,False,2.60亿,False,-4.32亿,20.09亿,19.20亿,False,136.04亿,,,445.46亿,347.80亿,False,False,97.65亿
2016-03-31,,65.06亿,74.36亿,-4.21亿,-5.09亿,412.87亿,,,154.91亿,False,2571.07万,167.28亿,8.74亿,16.17亿,51.71亿,5.02亿,92.92亿,74.36亿,,False,False,11.73万,215.33万,227.06万,3.67亿,False,5652.94万,4.24亿,-4.21亿,,False,False,False,False,False,False,5.09亿,5.09亿,False,5.09亿,-5.09亿,8.82万,65.06亿,347.80亿,412.87亿,,,False,False,False,False,False,False,False,False,False,False,False,False,False,False,False,False,False,,,False,False,False,False,False
2015-12-31,,97.83亿,174.36亿,-20.49亿,-55.88亿,347.80亿,,,370.83亿,False,1.54亿,400.14亿,29.68亿,45.37亿,140.03亿,18.67亿,225.78亿,174.36亿,,6005.00万,386.92万,877.29万,3335.79万,1.06亿,20.61亿,2505.00万,6831.98万,21.55亿,-20.49亿,,False,False,False,2200.00万,2200.00万,5591.77万,55.54亿,5.13亿,False,56.10亿,-55.88亿,-1627.35万,97.83亿,249.97亿,347.80亿,,,164.55亿,-54.03万,7.61亿,7988.33万,680.47万,False,-1.74万,False,False,-386.93万,-3.34亿,False,-30.31亿,-67.05亿,102.07亿,False,174.36亿,,,347.80亿,249.97亿,False,False,97.83亿
2015-09-30,,40.37亿,114.23亿,-17.83亿,-55.88亿,290.34亿,,,244.77亿,False,1.37亿,275.51亿,23.03亿,34.92亿,101.36亿,14.07亿,161.28亿,114.23亿,,6000.00万,386.89万,1300.00,3150.26万,9537.28万,18.11亿,2500.00万,4255.72万,18.78亿,-17.83亿,,False,False,False,2200.00万,2200.00万,5591.77万,55.54亿,5.13亿,False,56.10亿,-55.88亿,-1622.81万,40.37亿,249.97亿,290.34亿,,,False,False,False,False,False,False,False,False,False,False,False,False,False,False,False,False,False,,,False,False,False,False,False
2015-06-30,,35.60亿,49.02亿,-12.91亿,-3494.25万,285.57亿,,,169.85亿,False,6229.23万,165.15亿,16.40亿,26.19亿,74.49亿,9.66亿,116.13亿,49.02亿,,1000.00万,334.22万,False,2644.02万,3978.24万,12.76亿,2500.00万,2959.04万,13.30亿,-12.91亿,,False,False,False,2200.00万,2200.00万,5591.77万,102.48万,False,False,5694.25万,-3494.25万,-1636.06万,35.60亿,249.97亿,285.57亿,,,83.65亿,40.44万,3.73亿,3973.85万,244.51万,False,3.86万,False,False,-334.22万,2.73亿,False,-13.02亿,-21.34亿,-7.13亿,False,49.02亿,,,285.57亿,249.97亿,False,False,35.60亿
2015-03-31,,12.06亿,21.12亿,-8.54亿,-3464.19万,262.04亿,,,102.55亿,False,2584.09万,93.59亿,10.21亿,16.69亿,43.66亿,6.59亿,72.47亿,21.12亿,,1000.00万,33.22万,False,509.32万,1542.54万,8.66亿,False,374.03万,8.69亿,-8.54亿,,False,False,False,2200.00万,2200.00万,5591.77万,72.42万,False,False,5664.19万,-3464.19万,-1649.29万,12.06亿,249.97亿,262.04亿,,,False,False,False,False,False,False,False,False,False,False,False,False,False,False,False,False,False,,,False,False,False,False,False
2014-12-31,,30.05亿,126.33亿,-45.80亿,-50.41亿,249.97亿,,,333.85亿,False,3.00亿,354.88亿,28.38亿,33.94亿,144.96亿,26.17亿,228.55亿,126.33亿,,500.00万,309.53万,1022.69万,1.07亿,1.25亿,44.31亿,1500.00万,2.59亿,47.05亿,-45.80亿,,3480.00万,3480.00万,6738.26万,False,1.02亿,False,51.22亿,5.80亿,2200.00万,51.44亿,-50.41亿,-544.92万,30.05亿,219.92亿,249.97亿,,,162.69亿,43.27万,6.75亿,7760.75万,384.27万,False,8511.96万,False,False,-309.53万,377.14万,False,-31.46亿,-15.18亿,1.84亿,False,126.33亿,,,249.97亿,219.92亿,False,False,30.05亿
2014-09-30,,-12.95亿,76.79亿,-38.75亿,-50.99亿,206.97亿,,,220.44亿,False,3.22亿,241.18亿,20.53亿,26.14亿,109.20亿,19.64亿,164.39亿,76.79亿,,False,301.00万,104.77万,1.05亿,1.09亿,36.98亿,1500.00万,2.71亿,39.84亿,-38.75亿,,600.00万,600.00万,False,False,600.00万,False,51.05亿,False,False,51.05亿,-50.99亿,False,-12.95亿,219.92亿,206.97亿,,,False,False,False,False,False,False,False,False,False,False,False,False,False,False,False,False,False,,,False,False,False,False,False
2014-06-30,,-38.15亿,42.89亿,-29.99亿,-51.05亿,181.76亿,,,140.59亿,False,2.42亿,159.60亿,14.56亿,16.47亿,75.47亿,13.64亿,116.71亿,42.89亿,,False,301.00万,104.77万,1.05亿,1.09亿,28.46亿,1500.00万,2.47亿,31.08亿,-29.99亿,,False,False,False,False,False,False,51.05亿,False,False,51.05亿,-51.05亿,False,-38.15亿,219.92亿,181.76亿,,,76.65亿,24.33万,3.21亿,3838.31万,185.14万,False,562.06万,False,False,-301.00万,-1.35亿,False,-14.04亿,1105.14万,-22.12亿,False,42.89亿,,,181.76亿,219.92亿,False,False,-38.15亿
2014-03-31,,-19.11亿,1.74亿,-20.85亿,False,200.81亿,,,72.38亿,False,1.95亿,72.24亿,9.31亿,9.27亿,43.85亿,7.74亿,70.50亿,1.74亿,,False,False,17.34万,8842.87万,8860.21万,20.25亿,False,1.48亿,21.73亿,-20.85亿,,False,False,False,False,False,False,False,False,False,False,False,False,-19.11亿,219.92亿,200.81亿,,,False,False,False,False,False,False,False,False,False,False,False,False,False,False,False,False,False,,,False,False,False,False,False
2013-12-31,,-7025.76万,126.55亿,-53.39亿,-73.86亿,219.92亿,,,332.34亿,False,5.85亿,367.13亿,31.52亿,31.36亿,125.33亿,19.44亿,240.58亿,126.55亿,,False,301.00万,False,7.56亿,7.59亿,54.06亿,False,6.93亿,60.99亿,-53.39亿,,600.00万,600.00万,False,1.75万,601.75万,False,73.92亿,6.32亿,False,73.92亿,-73.86亿,False,-7025.76万,220.62亿,219.92亿,,,159.65亿,-200.40万,5.20亿,3161.78万,419.78万,False,899.73万,False,-1.75万,-301.00万,-1.82亿,False,-21.71亿,-6337.96万,-14.54亿,False,126.55亿,,,219.92亿,220.62亿,False,False,-7025.76万
2013-09-30,,-19.37亿,92.45亿,-38.38亿,-73.44亿,201.25亿,,,222.80亿,False,3.92亿,259.40亿,19.71亿,17.95亿,94.09亿,16.08亿,166.95亿,92.45亿,,False,301.00万,False,6.41亿,6.44亿,39.45亿,False,5.37亿,44.81亿,-38.38亿,,False,False,False,1.75万,1.75万,False,73.44亿,False,False,73.44亿,-73.44亿,False,-19.37亿,220.62亿,201.25亿,,,False,False,False,False,False,False,False,False,False,False,False,False,False,False,False,False,False,,,False,False,False,False,False
2013-06-30,,-39.57亿,52.15亿,-23.82亿,-67.90亿,181.05亿,,,119.60亿,False,2.82亿,154.73亿,12.50亿,12.12亿,63.78亿,12.47亿,102.58亿,52.15亿,,False,301.00万,False,5.42亿,5.45亿,25.27亿,False,4.00亿,29.27亿,-23.82亿,,False,False,False,1.75万,1.75万,False,67.90亿,False,False,67.90亿,-67.90亿,False,-39.57亿,220.62亿,181.05亿,,,76.21亿,-206.83万,2.54亿,1120.43万,194.25万,False,17.52万,False,-1.75万,-301.00万,3.41亿,False,-6.73亿,8203.58万,-24.18亿,False,52.15亿,,,181.05亿,220.62亿,False,False,-39.57亿
2013-03-31,,-3.27亿,7.90亿,-10.19亿,-9838.09万,217.35亿,,,61.61亿,False,2.16亿,63.77亿,7.13亿,5.19亿,35.87亿,7.68亿,55.87亿,7.90亿,,False,False,False,4.08亿,4.08亿,11.25亿,False,3.02亿,14.27亿,-10.19亿,,False,False,False,1.37万,1.37万,False,9839.45万,False,False,9839.45万,-9838.09万,False,-3.27亿,220.62亿,217.35亿,,,False,False,False,False,False,False,False,False,False,False,False,False,False,False,False,False,False,,,False,False,False,False,False
2012-12-31,,38.07亿,119.21亿,-41.99亿,-39.15亿,220.62亿,,,289.12亿,False,3.88亿,293.00亿,27.07亿,29.54亿,101.71亿,15.47亿,173.79亿,119.21亿,,1000.00万,412.90万,7.90万,3.40亿,3.55亿,42.12亿,False,3.42亿,45.54亿,-41.99亿,,3.92亿,3.92亿,False,8.95万,3.92亿,False,43.07亿,2.00亿,False,43.07亿,-39.15亿,False,38.07亿,182.55亿,220.62亿,,,140.08亿,297.93万,4.15亿,1599.49万,385.48万,False,15.57万,False,-8.95万,-310.33万,-1.41亿,False,-24.79亿,-6488.98万,1.63亿,False,119.21亿,,,220.62亿,182.55亿,False,False,38.07亿
2012-09-30,,4.35亿,75.62亿,-30.15亿,-41.11亿,186.90亿,,,198.27亿,False,2.67亿,200.94亿,15.87亿,18.19亿,78.73亿,12.53亿,125.33亿,75.62亿,,1000.00万,412.90万,False,1.87亿,2.01亿,30.42亿,False,1.75亿,32.17亿,-30.15亿,,False,False,False,6.70万,6.70万,False,41.11亿,False,False,41.11亿,-41.11亿,False,4.35亿,182.55亿,186.90亿,,,False,False,False,False,False,False,False,False,False,False,False,False,False,False,False,False,False,,,False,False,False,False,False
2012-06-30,,27.27亿,44.60亿,-16.77亿,-5517.11万,209.82亿,,,125.36亿,False,1.92亿,127.27亿,10.78亿,14.26亿,51.50亿,6.14亿,82.68亿,44.60亿,,1000.00万,412.90万,False,1.47亿,1.61亿,17.01亿,False,1.37亿,18.38亿,-16.77亿,,False,False,False,4.36万,4.36万,False,5521.47万,False,False,5521.47万,-5517.11万,False,27.27亿,182.55亿,209.82亿,,,73.49亿,95.59万,2.01亿,665.60万,191.98万,False,8.42万,False,-4.36万,-310.33万,1.21亿,False,-5.87亿,-1.96亿,-24.35亿,False,44.60亿,,,209.82亿,182.55亿,False,False,27.27亿
2012-03-31,,5.97亿,13.40亿,-6.90亿,-5294.29万,188.51亿,,,57.66亿,False,1.68亿,59.35亿,4.95亿,9.59亿,27.49亿,3.92亿,45.95亿,13.40亿,,1000.00万,111.90万,False,False,1111.90万,6.79亿,False,2212.52万,7.01亿,-6.90亿,,False,False,False,2.19万,2.19万,False,5296.47万,False,False,5296.47万,-5294.29万,False,5.97亿,182.55亿,188.51亿,,,False,False,False,False,False,False,False,False,False,False,False,False,False,False,False,False,False,,,False,False,False,False,False
2011-12-31,,53.66亿,101.49亿,-21.20亿,-26.62亿,182.55亿,,,236.59亿,False,1.82亿,238.41亿,23.54亿,19.26亿,82.86亿,11.27亿,136.92亿,101.49亿,,False,301.00万,4.16万,2.13亿,2.16亿,21.85亿,False,1.51亿,23.36亿,-21.20亿,,False,False,False,10.30万,10.30万,False,26.62亿,False,False,26.62亿,-26.62亿,False,53.66亿,128.88亿,182.55亿,,,92.50亿,-250.07万,3.31亿,1185.56万,489.62万,False,-88.85万,False,-10.30万,-338.30万,-2.24亿,False,-16.13亿,-1.49亿,25.43亿,False,101.49亿,,,182.55亿,128.88亿,False,False,53.66亿
2011-09-30,,54.00亿,90.27亿,-11.98亿,-24.29亿,182.88亿,,,180.24亿,False,9791.23万,181.22亿,14.82亿,13.75亿,55.39亿,6.98亿,90.95亿,90.27亿,,False,301.00万,4.00万,7460.18万,7765.18万,12.34亿,False,4091.78万,12.75亿,-11.98亿,,False,False,False,7.70万,7.70万,False,24.30亿,False,False,24.30亿,-24.29亿,False,54.00亿,128.88亿,182.88亿,,,False,False,False,False,False,False,False,False,False,False,False,False,False,False,False,False,False,,,False,False,False,False,False
2011-06-30,,44.03亿,53.28亿,-7.04亿,-2.20亿,172.92亿,,,115.46亿,False,7659.20万,116.23亿,10.31亿,9.94亿,38.27亿,4.43亿,62.95亿,53.28亿,,False,301.00万,4.00万,6794.72万,7099.72万,7.47亿,False,2835.05万,7.75亿,-7.04亿,,False,False,False,5.07万,5.07万,False,2.20亿,False,False,2.20亿,-2.20亿,False,44.03亿,128.88亿,172.92亿,,,51.66亿,-156.82万,1.59亿,564.70万,86.32万,False,-88.69万,False,-5.07万,-319.65万,-588.27万,False,-3.41亿,-801.43万,3.57亿,False,53.28亿,,,172.92亿,128.88亿,False,False,44.03亿
2011-03-31,,31.10亿,34.11亿,-3.01亿,2.54万,159.98亿,,,65.44亿,False,5827.27万,66.02亿,6.56亿,5.43亿,17.77亿,2.15亿,31.91亿,34.11亿,,False,False,4.00万,1120.00万,1124.00万,3.01亿,False,1161.03万,3.12亿,-3.01亿,,False,False,False,2.54万,2.54万,False,False,False,False,False,2.54万,False,31.10亿,128.88亿,159.98亿,,,False,False,False,False,False,False,False,False,False,False,False,False,False,False,False,False,False,,,False,False,False,False,False
2010-12-31,,31.45亿,62.01亿,-17.63亿,-12.93亿,128.88亿,,,149.39亿,18.10万,1.38亿,150.77亿,16.70亿,14.93亿,48.86亿,8.27亿,88.75亿,62.01亿,,1700.00万,173.14万,False,5631.57万,7504.71万,17.32亿,5000.00万,5652.29万,18.38亿,-17.63亿,,False,False,False,10.58万,10.58万,False,12.93亿,False,False,12.93亿,-12.93亿,False,31.45亿,97.43亿,128.88亿,,,53.40亿,-306.70万,2.68亿,1471.99万,303.49万,False,61.79万,False,-10.58万,-46.91万,-5301.71万,False,-13.82亿,2.32亿,17.83亿,False,62.01亿,,,128.88亿,97.43亿,False,False,31.45亿
2010-09-30,,12.84亿,39.64亿,-14.26亿,-12.54亿,110.27亿,,,107.39亿,18.10万,6403.30万,108.03亿,10.66亿,10.92亿,40.41亿,6.40亿,68.39亿,39.64亿,,1700.00万,173.14万,False,5666.23万,7539.37万,13.94亿,5000.00万,5762.08万,15.02亿,-14.26亿,,False,False,False,7.87万,7.87万,False,12.55亿,False,False,12.55亿,-12.54亿,False,12.84亿,97.43亿,110.27亿,,,False,False,False,False,False,False,False,False,False,False,False,False,False,False,False,False,False,,,False,False,False,False,False
2010-06-30,,5.26亿,17.66亿,-11.01亿,-1.39亿,102.69亿,,,63.60亿,18.10万,5176.26万,64.12亿,6.82亿,8.27亿,27.75亿,3.61亿,46.46亿,17.66亿,,1700.00万,173.14万,False,5418.02万,7291.16万,10.80亿,5000.00万,4452.26万,11.74亿,-11.01亿,,False,False,False,5.73万,5.73万,False,1.39亿,False,False,1.39亿,-1.39亿,False,5.26亿,97.43亿,102.69亿,,,32.75亿,277.66万,1.22亿,596.20万,258.86万,False,56.18万,False,-5.73万,-28.26万,5904.86万,False,-3.03亿,2.16亿,-16.14亿,False,17.66亿,,,102.69亿,97.43亿,False,False,5.26亿
2010-03-31,,2.37亿,8.25亿,-4.50亿,-1.37亿,99.80亿,,,30.74亿,False,4819.49万,31.22亿,3.52亿,5.29亿,12.33亿,1.83亿,22.97亿,8.25亿,,1700.00万,172.89万,2500.00,False,1873.14万,4.69亿,False,False,4.69亿,-4.50亿,,False,False,False,2.69万,2.69万,False,1.37亿,1.37亿,False,1.37亿,-1.37亿,False,2.37亿,97.43亿,99.80亿,,,False,False,False,False,False,False,False,False,False,False,False,False,False,False,False,False,False,,,False,False,False,False,False
2009-12-31,,16.49亿,42.24亿,-13.40亿,-12.35亿,97.43亿,,,117.56亿,False,1.86亿,119.42亿,15.57亿,12.29亿,41.60亿,7.71亿,77.18亿,42.24亿,,2500.00万,208.04万,False,False,2708.04万,13.57亿,1000.00万,False,13.67亿,-13.40亿,,False,False,False,15.81万,15.81万,False,12.35亿,False,False,12.35亿,-12.35亿,False,16.49亿,80.94亿,97.43亿,,,45.53亿,-30.01万,1.87亿,1155.24万,862.78万,False,22.71万,False,-15.81万,-120.94万,-4873.98万,False,-10.78亿,-6.72亿,12.63亿,False,42.24亿,,,97.43亿,80.94亿,False,False,16.49亿
2009-09-30,,-1.98亿,20.78亿,-10.41亿,-12.35亿,78.95亿,,,74.60亿,False,1.07亿,75.66亿,9.22亿,8.99亿,30.89亿,5.79亿,54.89亿,20.78亿,,2500.00万,208.04万,False,False,2708.04万,10.59亿,1000.00万,False,10.69亿,-10.41亿,,False,False,False,13.09万,13.09万,False,12.35亿,False,False,12.35亿,-12.35亿,False,-1.98亿,80.94亿,78.95亿,,,False,False,False,False,False,False,False,False,False,False,False,False,False,False,False,False,False,,,False,False,False,False,False
2009-06-30,,-2.98亿,5.48亿,-6.72亿,-1.74亿,77.96亿,,,41.99亿,False,1.04亿,43.02亿,5.68亿,6.55亿,21.53亿,3.78亿,37.54亿,5.48亿,,2500.00万,208.04万,False,False,2708.04万,6.89亿,1000.00万,False,6.99亿,-6.72亿,,False,False,False,8.74万,8.74万,False,1.74亿,False,False,1.74亿,-1.74亿,False,-2.98亿,80.94亿,77.96亿,,,29.29亿,44.26万,8909.38万,572.82万,468.41万,False,8900.00,False,-60.15万,-73.48万,8294.32万,False,-1.42亿,-1.34亿,-22.87亿,False,5.48亿,,,77.96亿,80.94亿,False,False,-2.98亿
2009-03-31,,-4.31亿,-1.31亿,-2.99亿,-175.70万,76.62亿,,,18.71亿,False,9303.69万,19.64亿,2.96亿,4.61亿,11.43亿,1.94亿,20.95亿,-1.31亿,,False,False,False,False,False,2.89亿,1000.00万,False,2.99亿,-2.99亿,,False,False,False,4.30万,4.30万,False,180.00万,False,False,180.00万,-175.70万,False,-4.31亿,80.94亿,76.62亿,,,False,False,False,False,False,False,False,False,False,False,False,False,False,False,False,False,False,,,False,False,False,False,False
2008-12-31,,33.71亿,52.47亿,-9.93亿,-8.84亿,80.94亿,,,112.75亿,False,2.42亿,115.18亿,12.15亿,8.09亿,36.67亿,5.79亿,62.70亿,52.47亿,,2100.00万,212.31万,5.00万,False,2317.31万,10.11亿,500.00万,False,10.16亿,-9.93亿,,False,False,False,76.12万,76.12万,False,8.85亿,False,False,8.85亿,-8.84亿,False,33.71亿,47.23亿,80.94亿,,,40.01亿,45.01万,1.47亿,699.55万,1061.31万,False,324.18万,False,-76.12万,-132.23万,-1.24亿,False,-8.10亿,-9451.55万,21.09亿,False,52.47亿,,,80.94亿,47.23亿,False,False,33.71亿
2008-09-30,,16.79亿,30.69亿,-6.21亿,-7.69亿,64.02亿,,,74.06亿,False,2.12亿,76.18亿,7.94亿,5.58亿,27.59亿,4.37亿,45.49亿,30.69亿,,2100.00万,212.31万,5.00万,False,2317.31万,6.44亿,False,False,6.44亿,-6.21亿,,False,False,False,68.46万,68.46万,False,7.69亿,False,False,7.69亿,-7.69亿,False,16.79亿,47.23亿,64.02亿,,,False,False,False,False,False,False,False,False,False,False,False,False,False,False,False,False,False,,,False,False,False,False,False
2008-06-30,,3.43亿,14.96亿,-3.87亿,-7.66亿,50.66亿,,,45.69亿,False,1.91亿,47.60亿,5.30亿,3.92亿,20.45亿,2.98亿,32.65亿,14.96亿,,2100.00万,212.31万,False,False,2312.31万,4.10亿,False,False,4.10亿,-3.87亿,,False,False,False,63.04万,63.04万,False,7.66亿,False,False,7.66亿,-7.66亿,False,3.43亿,47.23亿,50.66亿,,,23.52亿,-141.11万,7003.74万,336.12万,644.14万,False,311.88万,False,-131.01万,-72.01万,375.28万,False,-1.39亿,333.26万,-8.04亿,False,14.96亿,,,50.66亿,47.23亿,False,False,3.43亿
2008-03-31,,8.42亿,9.93亿,-1.52亿,59.32万,55.64亿,,,25.60亿,False,1.70亿,27.30亿,2.82亿,2.32亿,10.28亿,1.96亿,17.37亿,9.93亿,,2100.00万,212.31万,False,False,2312.31万,1.75亿,False,False,1.75亿,-1.52亿,,False,False,False,59.32万,59.32万,False,False,False,False,False,59.32万,False,8.42亿,47.23亿,55.64亿,,,False,False,False,False,False,False,False,False,False,False,False,False,False,False,False,False,False,,,False,False,False,False,False
2007-12-31,,2.48亿,17.43亿,-7.89亿,-7.05亿,47.23亿,,,74.38亿,False,9568.47万,75.33亿,10.98亿,6.23亿,36.03亿,4.66亿,57.90亿,17.43亿,,False,False,False,False,False,7.72亿,1700.00万,False,7.89亿,-7.89亿,,False,False,False,150.46万,150.46万,False,7.07亿,False,False,7.07亿,-7.05亿,False,2.48亿,44.74亿,47.23亿,,,29.66亿,-61.47万,1.04亿,841.96万,6584.62万,90.10万,314.67万,False,-201.90万,-181.50万,1.17亿,False,-3.24亿,7161.66万,-12.65亿,False,17.43亿,,,47.23亿,44.74亿,False,False,2.48亿
2007-09-30,,2.79亿,15.48亿,-5.63亿,-7.07亿,47.53亿,,,52.98亿,295.20万,4890.63万,53.50亿,7.77亿,4.25亿,23.18亿,2.82亿,38.02亿,15.48亿,,False,False,False,False,False,5.46亿,1700.00万,False,5.63亿,-5.63亿,,False,False,False,28.04万,28.04万,False,7.07亿,False,False,7.07亿,-7.07亿,False,2.79亿,44.74亿,47.53亿,,,False,False,False,False,False,False,False,False,False,False,False,False,False,False,False,False,False,,,False,False,False,False,False
2007-06-30,,3.36亿,6.86亿,-3.50亿,-66.61万,48.10亿,,,33.83亿,295.20万,4831.68万,34.34亿,5.67亿,3.09亿,16.57亿,2.15亿,27.48亿,6.86亿,,False,False,False,False,False,3.33亿,1700.00万,False,3.50亿,-3.50亿,,False,False,False,24.80万,24.80万,False,90.00万,False,1.41万,91.41万,-66.61万,False,3.36亿,44.74亿,48.10亿,,,8.94亿,131.75万,4977.27万,321.46万,458.04万,-9.89万,14.95万,False,186.43万,-86.00万,1452.56万,False,-1.39亿,-2940.28万,-1.14亿,False,6.86亿,,,48.10亿,44.74亿,False,False,3.36亿
2007-03-31,,1.81亿,3.81亿,-2.00亿,38.01万,46.55亿,,,19.62亿,False,3632.46万,19.98亿,3.12亿,1.85亿,9.81亿,1.40亿,16.17亿,3.81亿,,False,False,False,False,False,1.83亿,1700.00万,False,2.00亿,-2.00亿,,False,False,False,21.38万,21.38万,False,-16.63万,False,False,-16.63万,38.01万,False,1.81亿,44.74亿,46.55亿,,,False,False,False,False,False,False,False,False,False,False,False,False,False,False,False,False,False,,,False,False,False,False,False
2006-12-31,,5.78亿,21.13亿,-7.78亿,-7.56亿,44.74亿,,,61.62亿,False,4284.49万,62.04亿,8.07亿,4.05亿,23.90亿,4.89亿,40.92亿,21.13亿,,False,False,6000.00,False,5950.00,7.37亿,4100.00万,False,7.78亿,-7.78亿,,False,False,False,414.63万,414.63万,False,7.60亿,False,False,7.60亿,-7.56亿,False,5.78亿,38.96亿,44.74亿,,,16.16亿,105.01万,8486.32万,322.81万,888.76万,False,14.07万,False,-493.84万,-176.95万,-4429.06万,False,-1.15亿,-5427.87万,6.19亿,False,21.13亿,,,44.74亿,38.96亿,False,False,5.78亿
2006-09-30,,1.93亿,14.91亿,-5.44亿,-7.54亿,40.93亿,,,44.61亿,27.25万,2783.26万,44.89亿,5.16亿,2.56亿,18.49亿,3.77亿,29.98亿,14.91亿,,False,False,False,False,False,5.44亿,False,False,5.44亿,-5.44亿,,False,False,False,392.00万,392.00万,False,7.58亿,False,False,7.58亿,-7.54亿,False,1.93亿,39.00亿,40.93亿,,,False,False,False,False,False,False,False,False,False,False,False,False,False,False,False,False,False,,,False,False,False,False,False
2006-06-30,,-4.72亿,5.95亿,-3.12亿,-7.56亿,34.26亿,,,27.42亿,5.62万,4052.84万,27.83亿,3.87亿,1.78亿,13.67亿,2.56亿,21.87亿,5.95亿,,False,False,False,False,False,3.12亿,False,False,3.12亿,-3.12亿,,False,False,False,46.30万,46.30万,False,7.56亿,4266.57万,False,7.56亿,-7.56亿,False,-4.72亿,38.98亿,34.26亿,,,6.03亿,False,4085.40万,30.36万,421.78万,1500.00,False,False,42.98万,False,1804.93万,False,4117.99万,1223.37万,-1.25亿,False,5.95亿,,,34.26亿,38.98亿,False,False,-4.72亿
2006-03-31,,8643.91万,2.25亿,-1.05亿,-3366.36万,10.84亿,,,16.16亿,False,346.68万,16.19亿,2.42亿,1.28亿,8.58亿,1.67亿,13.95亿,2.25亿,,False,False,False,False,False,1.05亿,False,False,1.05亿,-1.05亿,,False,False,False,133.42万,133.42万,False,3499.78万,False,False,3499.78万,-3366.36万,False,8643.91万,9.97亿,10.84亿,,,False,False,False,False,False,False,False,False,False,False,False,False,False,False,False,False,False,,,False,False,False,False,False
2005-12-31,,9.94亿,16.94亿,-5.41亿,-1.59亿,False,,,49.77亿,5055.71万,1608.78万,50.43亿,9.51亿,2.51亿,16.01亿,5.47亿,33.50亿,16.94亿,,False,False,False,False,False,5.41亿,False,False,5.41亿,-5.41亿,,False,False,False,3250.21万,3250.21万,False,1.92亿,False,False,1.92亿,-1.59亿,False,9.94亿,False,False,,,11.69亿,-132.40万,6465.91万,172.12万,1205.14万,False,False,False,-3226.46万,-42.80万,False,False,-1.67亿,-8641.13万,7.40亿,False,16.94亿,,,38.92亿,28.98亿,False,False,9.94亿
2005-09-30,,3.19亿,8.84亿,-3.89亿,-1.76亿,False,,,33.19亿,52.87万,1787.19万,33.37亿,3.93亿,1.67亿,12.45亿,6.48亿,24.54亿,8.84亿,,False,False,False,False,False,3.89亿,False,False,3.89亿,-3.89亿,,False,False,False,False,False,False,1.76亿,False,False,1.76亿,-1.76亿,False,3.19亿,False,False,,,7.35亿,False,1438.30万,8.50万,220.36万,False,False,False,-1422.59万,-2.37万,False,False,974.89万,-8283.11万,1.81亿,False,8.84亿,,,32.17亿,28.98亿,False,False,3.19亿
2005-06-30,,1.67亿,4.37亿,-2.43亿,-2703.71万,False,,,20.76亿,52.87万,1503.11万,20.92亿,3.75亿,1.27亿,8.87亿,2.65亿,16.55亿,4.37亿,,False,False,False,False,False,2.43亿,False,False,2.43亿,-2.43亿,,False,False,False,False,False,False,2703.71万,False,False,2703.71万,-2703.71万,False,1.67亿,False,False,,,5.03亿,False,3166.79万,8.50万,462.33万,False,False,False,-810.79万,-2.37万,False,False,2555.97万,-3039.05万,-1.20亿,False,4.37亿,,,30.65亿,28.98亿,False,False,1.67亿
2005-03-31,,1.27亿,2.42亿,-1.02亿,-1369.39万,False,,,12.61亿,45.59万,857.66万,12.70亿,1.43亿,8794.52万,5.33亿,2.64亿,10.27亿,2.42亿,,False,False,False,False,False,1.02亿,False,False,1.02亿,-1.02亿,,False,False,False,False,False,False,1369.39万,False,False,1369.39万,-1369.39万,False,1.27亿,False,False,,,3.84亿,False,1552.47万,4.25万,96.80万,False,False,False,-374.69万,18.77万,False,False,5332.88万,-3703.92万,-2.23亿,False,2.42亿,,,30.25亿,28.98亿,False,False,1.27亿
2004-12-31,,5.58亿,9.76亿,-3.55亿,-6231.44万,False,,,36.46亿,1.23亿,4757.62万,38.17亿,8.64亿,1.60亿,12.98亿,5.19亿,28.42亿,9.76亿,,False,False,False,False,False,3.55亿,False,False,3.55亿,-3.55亿,,False,False,False,False,False,False,6231.44万,False,False,6231.44万,-6231.44万,False,5.58亿,False,False,,,8.54亿,76.19万,5508.85万,17.12万,1137.41万,False,21.04万,False,-2534.80万,-31.51万,False,False,-4.79亿,-5596.04万,6.11亿,False,9.76亿,,,28.98亿,23.40亿,False,False,5.58亿
2004-09-30,,7924.16万,3.73亿,-2.28亿,-6524.26万,False,,,24.71亿,False,2424.38万,24.95亿,5.73亿,1.22亿,10.88亿,3.40亿,21.23亿,3.73亿,,False,False,False,False,False,2.28亿,False,False,2.28亿,-2.28亿,,False,False,False,False,False,False,6524.26万,False,False,6524.26万,-6524.26万,False,7924.16万,False,False,,,5.38亿,False,4065.58万,12.75万,277.29万,False,62.73万,False,-2230.70万,False,False,False,-3.01亿,-9301.07万,1.09亿,False,3.73亿,,,24.19亿,23.40亿,False,False,7924.16万
2004-06-30,,-1.67亿,-3798.45万,-1.38亿,905.40万,False,,,14.60亿,34.71万,1348.21万,14.74亿,3.46亿,1.00亿,8.03亿,2.62亿,15.12亿,-3798.45万,,False,False,False,False,False,1.38亿,False,False,1.38亿,-1.38亿,,False,False,False,False,False,False,-905.40万,False,False,-905.40万,905.40万,False,-1.67亿,False,False,,,3.64亿,False,2657.95万,8.50万,241.65万,False,False,False,-995.89万,False,False,False,-1.04亿,-3705.68万,-3.27亿,False,-3798.45万,,,21.73亿,23.40亿,False,False,-1.67亿
2004-03-31,,-2.49亿,-1.81亿,-7350.39万,595.91万,False,,,8.25亿,False,788.36万,8.33亿,2.58亿,3222.53万,5.74亿,1.50亿,10.15亿,-1.81亿,,False,False,False,False,False,7350.39万,False,False,7350.39万,-7350.39万,,False,False,False,False,False,False,-595.91万,False,False,-595.91万,595.91万,False,-2.49亿,False,False,,,2.71亿,False,1272.54万,4.25万,163.81万,False,False,False,-674.74万,False,False,False,-6431.34万,627.36万,-4.44亿,False,-1.81亿,,,20.91亿,23.40亿,False,False,-2.49亿
2003-12-31,,5.60亿,9.42亿,-3.35亿,-4708.60万,False,,,30.58亿,8141.74万,4490.92万,31.84亿,6.39亿,2.06亿,9.86亿,4.12亿,22.42亿,9.42亿,,False,False,False,False,False,3.35亿,False,False,3.35亿,-3.35亿,,False,False,False,30.00万,30.00万,False,4738.60万,False,False,4738.60万,-4708.60万,False,5.60亿,False,False,,,6.09亿,205.25万,5839.12万,17.00万,529.74万,False,False,False,-1605.02万,False,False,False,-1.38亿,-6598.76万,4.86亿,False,9.42亿,,,23.40亿,17.80亿,False,False,5.60亿
2003-09-30,,8848.53万,4.39亿,-3.00亿,-5102.95万,False,,,20.81亿,60.14万,3021.38万,21.12亿,4.13亿,1.16亿,8.79亿,2.65亿,16.72亿,4.39亿,,False,False,False,False,False,3.00亿,False,False,3.00亿,-3.00亿,,False,False,False,False,False,False,5102.95万,False,False,5102.95万,-5102.95万,False,8848.53万,False,False,,,3.54亿,False,4775.26万,12.75万,248.35万,False,8300.00,False,-1212.30万,False,False,False,-1.26亿,-5528.76万,1.46亿,1531.20万,4.39亿,,,18.69亿,17.80亿,False,False,8848.53万
2003-06-30,,-2.44亿,-3396.59万,-2.01亿,-885.82万,False,,,11.53亿,False,878.80万,11.62亿,3.13亿,7690.60万,6.52亿,1.53亿,11.96亿,-3396.59万,,False,False,False,False,False,2.01亿,False,False,2.01亿,-2.01亿,,False,False,False,False,False,False,885.82万,False,False,885.82万,-885.82万,False,-2.44亿,False,False,,,2.53亿,False,3556.95万,8.50万,163.84万,False,8300.00,False,-437.11万,False,False,False,-1.12亿,8067.40万,-3.32亿,996.52万,-3396.59万,,,15.36亿,17.80亿,False,False,-2.44亿
2003-03-31,,-9535.00万,911.22万,-1.07亿,218.84万,False,,,6.27亿,False,170.66万,6.29亿,8859.29万,4309.50万,3.96亿,9245.43万,6.20亿,911.22万,,False,False,False,False,False,1.07亿,False,False,1.07亿,-1.07亿,,False,False,False,False,False,False,-218.84万,False,False,-218.84万,218.84万,False,-9535.00万,False,False,,,2.18亿,False,2386.48万,4.25万,64.30万,False,7700.00,False,-218.84万,False,False,False,4663.10万,1614.03万,-3.08亿,751.47万,911.22万,,,16.85亿,17.80亿,False,False,-9535.00万
2002-12-31,,-1.76亿,4.35亿,-4.71亿,-1.39亿,False,,,22.89亿,721.53万,3243.32万,23.28亿,6.24亿,1.07亿,7.54亿,4.10亿,18.94亿,4.35亿,,False,False,False,False,False,4.67亿,400.00万,False,4.71亿,-4.71亿,,False,False,False,False,False,False,1.39亿,False,False,1.39亿,-1.39亿,False,-1.76亿,False,False,,,3.77亿,597.71万,2040.98万,17.00万,-562.91万,False,False,False,-1731.89万,False,False,False,-2.90亿,-8106.97万,3.83亿,1578.74万,4.35亿,,,17.80亿,19.56亿,False,False,-1.76亿
2002-06-30,,-4.43亿,-1.80亿,-2.65亿,224.00万,False,,,10.20亿,False,1123.87万,10.31亿,3.83亿,6488.17万,5.83亿,1.81亿,12.11亿,-1.80亿,,False,False,False,False,False,2.61亿,400.00万,False,2.65亿,-2.65亿,,False,False,False,False,False,False,-224.00万,False,False,-224.00万,224.00万,False,-4.43亿,False,False,,,2.38亿,False,944.65万,8.50万,108.62万,False,False,False,-1188.17万,False,False,False,-2.23亿,-1.36亿,-1.11亿,807.94万,-1.80亿,,,15.14亿,19.56亿,False,False,-4.43亿
2001-12-31,,14.95亿,4228.30万,-3.32亿,17.85亿,False,,,18.00亿,184.61万,4438.11万,18.47亿,5.95亿,9331.48万,7.02亿,4.14亿,18.04亿,4228.30万,,False,False,False,False,False,3.32亿,False,False,3.32亿,-3.32亿,,20.17亿,False,False,False,20.17亿,1.29亿,1.03亿,False,False,2.32亿,17.85亿,False,14.95亿,False,False,,,3.28亿,669.24万,1158.75万,67.60万,208.40万,False,60.30万,False,-566.11万,False,False,False,-2.75亿,-5751.49万,2058.19万,1365.55万,4228.30万,,,19.56亿,4.61亿,False,False,14.95亿
2001-06-30,,-1.25亿,-8628.09万,-120.34万,-3706.01万,False,,,False,False,False,False,False,False,False,False,False,-8628.09万,,False,False,False,False,False,False,False,False,False,-120.34万,,False,False,False,False,False,False,False,False,False,False,-3706.01万,False,-1.25亿,False,False,,,False,False,False,False,False,False,False,False,False,False,False,False,False,False,False,False,-8628.09万,,,False,False,False,False,-1.25亿
2000-12-31,,2.63亿,4.43亿,-3382.40万,-1.47亿,False,,,13.23亿,492.66万,289.69万,13.31亿,2.95亿,5534.48万,3.72亿,1.61亿,8.88亿,4.43亿,,False,False,False,False,False,3382.40万,False,False,3382.40万,-3382.40万,,False,False,1.29亿,False,1.29亿,1.74亿,1.02亿,False,False,2.76亿,-1.47亿,False,2.63亿,False,False,,,2.51亿,False,1010.87万,347.74万,False,False,21.66万,False,811.81万,False,False,False,-8893.17万,2.86亿,-9034.53万,6525.85万,4.43亿,,,4.61亿,1.98亿,False,False,2.63亿
