报告期,报表核心指标,*所有者权益（或股东权益）合计,*资产合计,*负债合计,*归属于母公司所有者权益合计,报表全部指标,流动资产,货币资金,拆出资金,交易性金融资产,应收票据及应收账款,其中：应收票据,应收账款,预付款项,其他应收款合计,其中：应收利息,其他应收款,存货,一年内到期的非流动资产,其他流动资产,总现金,流动资产合计,非流动资产,可供出售金融资产,持有至到期投资,长期股权投资,其他非流动金融资产,投资性房地产,固定资产合计,其中：固定资产,固定资产清理,在建工程合计,其中：在建工程,工程物资,无形资产,长期待摊费用,递延所得税资产,其他非流动资产,非流动资产合计,资产合计,流动负债,短期借款,应付票据及应付账款,应付账款,预收款项,合同负债,应付职工薪酬,应交税费,其他应付款合计,其中：应付利息,应付股利,其他应付款,一年内到期的非流动负债,其他流动负债,流动负债合计,非流动负债,长期借款,长期应付款合计,其中：长期应付款,专项应付款,递延所得税负债,非流动负债合计,负债合计,所有者权益（或股东权益）,实收资本（或股本）,资本公积,减：库存股,其他综合收益,盈余公积,未分配利润,归属于母公司所有者权益合计,少数股东权益,所有者权益（或股东权益）合计,负债和所有者权益（或股东权益）合计
2025-09-30,,2657.05亿,3047.38亿,390.33亿,2570.70亿,,,517.53亿,1354.03亿,False,52.35亿,52.10亿,2553.17万,2122.98万,7107.39万,False,False,558.59亿,46.86亿,5325.16万,517.53亿,2565.87亿,,False,False,False,40.36亿,381.85万,211.71亿,False,False,35.35亿,False,False,86.49亿,1.37亿,58.12亿,1.81亿,481.51亿,3047.38亿,,False,28.22亿,28.22亿,False,77.49亿,4.72亿,68.40亿,53.75亿,False,False,False,5744.78万,9.75亿,387.63亿,,False,False,False,False,6466.45万,2.70亿,390.33亿,,12.56亿,13.75亿,60.00亿,-105.52万,485.04亿,2108.75亿,2570.70亿,86.35亿,2657.05亿,3047.38亿
2025-06-30,,2491.36亿,2922.58亿,431.22亿,2386.47亿,,,516.45亿,1263.51亿,False,28.54亿,28.16亿,3796.12万,2150.47万,4993.36万,False,4993.36万,549.72亿,7.18亿,7375.22万,516.45亿,2454.78亿,,False,False,False,40.31亿,722.17万,217.58亿,217.58亿,False,27.62亿,27.62亿,False,87.17亿,1.42亿,56.54亿,1.87亿,467.79亿,2922.58亿,,False,29.52亿,29.52亿,False,55.07亿,4.27亿,62.34亿,63.28亿,False,False,63.28亿,5543.58万,7.06亿,428.43亿,,False,False,False,False,6615.47万,2.79亿,431.22亿,,12.56亿,13.75亿,52.02亿,77.87万,485.04亿,1916.51亿,2386.47亿,104.89亿,2491.36亿,2922.58亿
2025-03-31,,2681.90亿,3123.69亿,441.78亿,2583.58亿,,,521.99亿,1544.69亿,False,21.43亿,21.27亿,1519.93万,4288.32万,4741.79万,False,False,547.98亿,17.11亿,5268.29万,521.99亿,2665.07亿,,False,False,False,40.30亿,738.97万,215.48亿,False,False,27.99亿,False,False,87.82亿,1.47亿,51.61亿,2.01亿,458.62亿,3123.69亿,,False,37.45亿,37.45亿,False,87.88亿,7.97亿,76.70亿,66.33亿,False,False,False,4364.80万,10.90亿,438.70亿,,False,False,False,False,6655.51万,3.08亿,441.78亿,,12.56亿,13.75亿,15.99亿,-663.57万,466.36亿,2096.35亿,2583.58亿,98.32亿,2681.90亿,3123.69亿
2024-12-31,,2420.11亿,2989.45亿,569.33亿,2331.06亿,,,592.96亿,1271.87亿,2.49亿,20.03亿,19.84亿,1897.42万,2697.50万,2995.57万,False,False,543.43亿,12.11亿,1.60亿,595.44亿,2517.27亿,,False,False,False,40.29亿,762.52万,218.71亿,False,False,21.50亿,False,False,88.50亿,1.52亿,55.20亿,2.32亿,472.18亿,2989.45亿,,False,35.15亿,35.15亿,False,95.92亿,58.24亿,77.18亿,54.29亿,False,False,False,1.12亿,12.23亿,565.16亿,,False,False,False,False,1.03亿,4.17亿,569.33亿,,12.56亿,13.75亿,False,-991.62万,466.36亿,1827.87亿,2331.06亿,89.05亿,2420.11亿,2989.45亿
2024-09-30,,2476.88亿,2867.71亿,390.83亿,2377.09亿,,,600.85亿,1226.86亿,2.01亿,11.59亿,11.49亿,1013.17万,4175.43万,6321.67万,False,False,482.25亿,1.54亿,1975.14万,602.86亿,2384.20亿,,False,False,False,40.12亿,438.47万,202.38亿,False,False,28.79亿,False,False,86.69亿,1.54亿,59.08亿,2.14亿,483.51亿,2867.71亿,,False,26.52亿,26.52亿,False,99.31亿,4.47亿,63.43亿,56.33亿,False,5700.00万,False,4792.67万,12.35亿,387.24亿,,False,False,False,False,7481.81万,3.59亿,390.83亿,,12.56亿,13.75亿,False,-636.72万,411.20亿,1929.04亿,2377.09亿,99.79亿,2476.88亿,2867.71亿
2024-06-30,,2280.45亿,2792.07亿,511.62亿,2185.76亿,,,568.40亿,1152.94亿,38.29亿,3.33亿,3.32亿,135.86万,2430.71万,5359.85万,False,5359.85万,477.66亿,1.53亿,5588.58万,606.69亿,2322.57亿,,False,False,False,40.08亿,455.33万,198.33亿,198.33亿,False,25.60亿,25.60亿,False,87.19亿,1.58亿,49.74亿,2.01亿,469.50亿,2792.07亿,,False,32.91亿,32.91亿,False,99.93亿,4.32亿,58.10亿,64.42亿,False,False,64.42亿,6041.16万,12.40亿,508.07亿,,False,False,False,False,7815.66万,3.56亿,511.62亿,,12.56亿,13.75亿,False,-827.24万,411.20亿,1737.72亿,2185.76亿,94.69亿,2280.45亿,2792.07亿
2024-03-31,,2485.37亿,2855.25亿,369.88亿,2397.32亿,,,741.97亿,1050.61亿,38.12亿,2.14亿,1.41亿,7312.47万,4120.47万,2629.73万,False,False,468.52亿,False,6106.25万,780.09亿,2373.77亿,,False,False,False,40.05亿,395.94万,195.42亿,False,False,28.13亿,False,False,85.18亿,1.58亿,44.77亿,1.54亿,481.48亿,2855.25亿,,False,40.23亿,40.23亿,False,95.23亿,7.64亿,70.16亿,57.17亿,False,False,False,5612.80万,11.46亿,366.27亿,,False,False,False,False,8083.54万,3.61亿,369.88亿,,12.56亿,13.75亿,False,-810.98万,389.99亿,1970.48亿,2397.32亿,88.05亿,2485.37亿,2855.25亿
2023-12-31,,2236.56亿,2727.00亿,490.43亿,2156.69亿,,,690.70亿,1055.54亿,4.01亿,7430.69万,1393.34万,6037.34万,3458.51万,2750.21万,False,2750.21万,464.35亿,False,7140.39万,694.71亿,2251.73亿,,False,False,False,40.02亿,413.85万,199.09亿,199.09亿,False,21.37亿,21.37亿,False,85.72亿,1.60亿,46.46亿,1.10亿,475.27亿,2727.00亿,,False,30.93亿,30.93亿,False,141.26亿,54.02亿,69.50亿,52.13亿,False,False,52.13亿,5705.49万,18.22亿,486.98亿,,False,False,False,False,7894.31万,3.46亿,490.43亿,,12.56亿,13.75亿,False,-606.17万,389.99亿,1729.83亿,2156.69亿,79.88亿,2236.56亿,2727.00亿
2023-09-30,,2250.19亿,2620.76亿,370.58亿,2178.09亿,,,706.41亿,956.26亿,35.09亿,1.31亿,False,1.31亿,1.11亿,6421.20万,False,False,409.90亿,False,4320.68万,741.50亿,2184.73亿,,False,False,False,40.01亿,443.91万,189.13亿,False,False,29.36亿,False,False,84.36亿,1.42亿,48.57亿,False,436.04亿,2620.76亿,,False,21.52亿,21.52亿,False,113.95亿,4.28亿,59.11亿,57.64亿,False,8673.00万,False,6236.64万,14.26亿,366.64亿,,False,False,False,False,8043.76万,3.94亿,370.58亿,,12.56亿,13.75亿,False,-906.92万,339.98亿,1801.27亿,2178.09亿,72.10亿,2250.19亿,2620.76亿
2023-06-30,,2092.47亿,2416.04亿,323.57亿,2009.16亿,,,705.21亿,857.27亿,2.00亿,3257.13万,False,3257.13万,1.02亿,6037.20万,False,6037.20万,408.68亿,False,4885.91万,707.21亿,2030.33亿,,False,False,False,False,450.63万,192.43亿,192.43亿,False,26.79亿,26.79亿,False,83.81亿,1.44亿,40.95亿,False,385.72亿,2416.04亿,,False,19.82亿,19.82亿,False,73.34亿,3.71亿,61.89亿,58.08亿,False,4.78亿,53.30亿,6944.11万,9.07亿,319.55亿,,False,False,False,False,8389.99万,4.01亿,323.57亿,,12.56亿,13.75亿,False,-577.81万,339.98亿,1632.31亿,2009.16亿,83.31亿,2092.47亿,2416.04亿
2023-03-31,,2264.64亿,2583.91亿,319.27亿,2182.76亿,,,724.51亿,1054.31亿,False,5841.04万,False,5841.04万,9450.61万,3311.77万,False,False,400.53亿,False,7989.33万,724.51亿,2182.00亿,,False,False,False,False,457.35万,194.89亿,False,False,24.18亿,False,False,84.29亿,1.46亿,34.73亿,False,401.90亿,2583.91亿,,False,26.40亿,26.40亿,False,83.30亿,4.45亿,68.63亿,42.17亿,False,False,False,9021.34万,9.80亿,314.29亿,,False,False,False,False,1.63亿,4.99亿,319.27亿,,12.56亿,13.75亿,False,-1000.96万,325.20亿,1820.73亿,2182.76亿,81.88亿,2264.64亿,2583.91亿
2022-12-31,,2049.38亿,2545.01亿,495.63亿,1974.80亿,,,582.74亿,1161.73亿,False,1.26亿,1.05亿,2093.71万,8.97亿,3181.86万,False,3181.86万,388.24亿,21.24亿,1.61亿,582.74亿,2166.11亿,,False,False,False,False,533.50万,197.43亿,197.43亿,False,22.08亿,22.08亿,False,70.83亿,1.46亿,35.95亿,False,378.89亿,2545.01亿,,False,24.08亿,24.08亿,False,154.72亿,47.82亿,68.97亿,45.44亿,False,False,45.44亿,1.09亿,19.79亿,490.66亿,,False,False,False,False,1.63亿,4.97亿,495.63亿,,12.56亿,13.75亿,False,-1077.69万,325.20亿,1612.78亿,1974.80亿,74.58亿,2049.38亿,2545.01亿
2022-09-30,,2134.47亿,2477.57亿,343.10亿,2067.09亿,,,581.45亿,1165.01亿,False,1.46亿,1.46亿,False,5.46亿,5270.36万,False,False,351.83亿,False,3355.82万,581.45亿,2106.07亿,,False,False,False,False,541.22万,172.07亿,False,False,31.59亿,False,False,67.41亿,1.35亿,37.03亿,21.08亿,371.50亿,2477.57亿,,False,15.00亿,15.00亿,False,118.37亿,3.80亿,48.49亿,54.86亿,False,False,False,1.14亿,14.29亿,340.01亿,,False,False,False,False,False,3.10亿,343.10亿,,12.56亿,13.75亿,False,-1534.00万,309.74亿,1720.57亿,2067.09亿,67.38亿,2134.47亿,2477.57亿
2022-06-30,,1984.56亿,2398.49亿,413.93亿,1921.03亿,,,580.48亿,1100.65亿,False,1.44亿,1.44亿,False,2.68亿,4902.05万,False,4902.05万,349.06亿,False,3841.55万,580.48亿,2035.19亿,,False,False,False,False,548.93万,174.94亿,174.94亿,False,26.68亿,26.68亿,False,67.65亿,1.37亿,31.35亿,20.92亿,363.30亿,2398.49亿,,False,15.56亿,15.56亿,False,96.69亿,3.49亿,48.67亿,66.94亿,False,13.11亿,53.84亿,8120.73万,11.66亿,411.32亿,,False,False,False,False,False,2.61亿,413.93亿,,12.56亿,13.75亿,False,-1514.63万,309.74亿,1574.51亿,1921.03亿,63.53亿,1984.56亿,2398.49亿
2022-03-31,,2149.08亿,2513.02亿,363.94亿,2067.83亿,,,563.76亿,1252.29亿,False,False,False,False,2.63亿,4569.55万,False,False,337.79亿,False,1.05亿,563.76亿,2157.97亿,,False,False,False,False,556.64万,172.23亿,False,False,28.90亿,False,False,67.71亿,1.37亿,23.28亿,20.76亿,355.05亿,2513.02亿,,False,15.92亿,15.92亿,False,83.22亿,3.19亿,77.88亿,51.20亿,False,False,False,1.11亿,9.39亿,361.07亿,,False,False,False,False,False,2.87亿,363.94亿,,12.56亿,13.75亿,False,-1436.43万,251.43亿,1779.62亿,2067.83亿,81.25亿,2149.08亿,2513.02亿
2021-12-31,,1969.58亿,2551.68亿,582.11亿,1895.39亿,,,518.10亿,1350.67亿,False,False,False,False,3.89亿,3315.90万,False,3315.90万,333.94亿,False,7152.76万,518.10亿,2207.66亿,,False,False,False,False,524.24万,174.72亿,174.72亿,False,23.22亿,23.22亿,False,62.08亿,1.39亿,22.37亿,20.60亿,344.03亿,2551.68亿,,False,20.10亿,20.10亿,False,127.18亿,36.78亿,119.80亿,41.24亿,False,False,41.24亿,1.04亿,15.36亿,579.14亿,,False,False,False,False,False,2.96亿,582.11亿,,12.56亿,13.75亿,False,-1301.79万,251.43亿,1607.17亿,1895.39亿,74.18亿,1969.58亿,2551.68亿
2021-09-30,,1808.15亿,2247.02亿,438.87亿,1743.48亿,,,507.02亿,1098.48亿,False,5.40亿,5.40亿,False,10.14亿,5162.20万,False,False,303.92亿,False,2907.82万,507.02亿,1925.77亿,,False,False,False,758.53万,531.40万,166.87亿,False,False,26.97亿,False,False,52.39亿,1.41亿,13.78亿,20.44亿,321.25亿,2247.02亿,,False,10.89亿,10.89亿,False,91.37亿,2.48亿,52.15亿,47.25亿,False,False,False,9090.34万,11.26亿,434.47亿,,False,False,False,False,89.63万,4.40亿,438.87亿,,12.56亿,13.75亿,False,-1001.55万,243.02亿,1464.97亿,1743.48亿,64.67亿,1808.15亿,2247.02亿
2021-06-30,,1675.64亿,2128.69亿,453.04亿,1617.38亿,,,541.98亿,947.77亿,False,12.33亿,12.33亿,False,9.30亿,4855.57万,False,4855.57万,306.55亿,False,969.43万,541.98亿,1818.51亿,,False,False,False,758.53万,538.57万,170.25亿,170.25亿,False,23.47亿,23.47亿,False,52.70亿,1.44亿,12.35亿,20.28亿,310.18亿,2128.69亿,,False,13.88亿,13.88亿,False,92.44亿,2.48亿,46.07亿,45.37亿,False,False,45.37亿,9308.30万,11.24亿,448.77亿,,False,False,False,False,89.63万,4.27亿,453.04亿,,12.56亿,13.75亿,False,-845.76万,243.02亿,1338.85亿,1617.38亿,58.26亿,1675.64亿,2128.69亿
2021-03-31,,1824.90亿,2152.18亿,327.28亿,1752.74亿,,,507.43亿,1032.34亿,False,11.86亿,11.86亿,False,10.11亿,4388.10万,False,False,296.14亿,False,1873.82万,507.43亿,1858.50亿,,False,False,False,761.62万,545.73万,159.79亿,False,False,33.02亿,False,False,52.97亿,1.46亿,11.52亿,False,293.69亿,2152.18亿,,False,13.59亿,13.59亿,False,53.41亿,4.60亿,53.38亿,38.73亿,False,False,False,1.03亿,6.71亿,323.29亿,,False,False,False,False,90.40万,4.00亿,327.28亿,,12.56亿,13.75亿,False,-827.67万,201.75亿,1515.49亿,1752.74亿,72.16亿,1824.90亿,2152.18亿
2020-12-31,,1677.21亿,2133.96亿,456.75亿,1613.23亿,,,360.91亿,1182.00亿,False,15.33亿,15.33亿,False,8.98亿,3448.86万,False,3448.86万,288.69亿,False,2673.69万,360.91亿,1856.52亿,,False,False,False,983.01万,False,162.25亿,162.25亿,False,24.47亿,24.47亿,False,48.17亿,1.48亿,11.23亿,False,277.44亿,2133.96亿,,False,13.42亿,13.42亿,False,133.22亿,29.81亿,89.20亿,32.57亿,False,False,32.57亿,False,16.10亿,456.74亿,,False,False,False,False,145.75万,145.75万,456.75亿,,12.56亿,13.75亿,False,-533.14万,201.75亿,1375.94亿,1613.23亿,63.98亿,1677.21亿,2133.96亿
2020-09-30,,1541.72亿,1845.79亿,304.08亿,1484.52亿,,,270.75亿,1002.90亿,False,19.36亿,19.36亿,False,11.17亿,6370.29万,False,False,269.80亿,False,2722.99万,270.75亿,1574.89亿,,False,False,False,1124.97万,False,146.51亿,False,False,36.60亿,False,False,47.78亿,1.50亿,9.05亿,False,270.90亿,1845.79亿,,False,11.44亿,11.44亿,False,94.11亿,2.47亿,49.02亿,31.26亿,False,1.26亿,False,False,11.49亿,304.06亿,,False,False,False,False,181.24万,181.24万,304.08亿,,12.56亿,13.75亿,False,-562.76万,201.59亿,1247.69亿,1484.52亿,57.19亿,1541.72亿,1845.79亿
2020-06-30,,1425.18亿,1721.98亿,296.80亿,1372.27亿,,,254.52亿,908.44亿,False,11.78亿,11.78亿,False,9.32亿,7083.77万,False,7083.77万,262.95亿,False,6311.69万,254.52亿,1448.35亿,,False,False,False,3.27亿,False,148.73亿,148.73亿,False,32.03亿,32.03亿,False,48.02亿,1.53亿,10.38亿,False,273.63亿,1721.98亿,,False,9.70亿,9.70亿,False,94.64亿,2.49亿,45.69亿,35.80亿,False,False,35.80亿,False,11.08亿,296.05亿,,False,False,False,False,7452.19万,7452.19万,296.80亿,,12.56亿,13.75亿,False,-590.22万,201.59亿,1135.44亿,1372.27亿,52.91亿,1425.18亿,1721.98亿
2020-03-31,,1557.35亿,1816.25亿,258.90亿,1491.04亿,,,196.83亿,1101.03亿,False,13.45亿,13.45亿,False,14.04亿,8226.39万,False,False,252.72亿,False,3650.85万,196.83亿,1579.25亿,,False,False,False,3.17亿,False,150.05亿,False,False,27.67亿,False,False,46.99亿,1.56亿,7.05亿,False,237.00亿,1816.25亿,,False,11.10亿,11.10亿,False,69.09亿,3.78亿,50.07亿,35.71亿,False,False,False,False,8.00亿,258.18亿,,False,False,False,False,7199.84万,7199.84万,258.90亿,,12.56亿,13.75亿,False,-725.50万,165.96亿,1289.86亿,1491.04亿,66.31亿,1557.35亿,1816.25亿
2019-12-31,,1418.76亿,1830.42亿,411.66亿,1360.10亿,,,132.52亿,1173.78亿,False,14.63亿,14.63亿,False,15.49亿,7654.05万,False,7654.05万,252.85亿,False,2090.49万,132.52亿,1590.24亿,,False,False,False,3.20亿,False,151.44亿,151.44亿,False,25.19亿,25.19亿,False,47.28亿,1.58亿,11.00亿,False,240.18亿,1830.42亿,,False,15.14亿,15.14亿,137.40亿,False,24.45亿,87.56亿,35.90亿,1.11万,4.47亿,31.43亿,False,False,410.93亿,,False,False,False,False,7269.26万,7269.26万,411.66亿,,12.56亿,13.75亿,False,-719.87万,165.96亿,1158.92亿,1360.10亿,58.66亿,1418.76亿,1830.42亿
2019-09-30,,1308.22亿,1625.50亿,317.28亿,1252.58亿,,,1127.29亿,3.90亿,False,8.59亿,8.59亿,False,20.61亿,1.31亿,8029.22万,False,237.55亿,False,2458.38万,1127.29亿,1399.49亿,,False,False,False,2.25亿,False,148.15亿,False,False,27.97亿,False,False,34.46亿,1.61亿,11.19亿,False,226.01亿,1625.50亿,,False,11.96亿,11.96亿,112.55亿,False,3.27亿,46.00亿,36.06亿,2918.88万,False,False,False,False,316.79亿,,False,False,False,False,4894.56万,4894.56万,317.28亿,,12.56亿,13.75亿,False,-771.64万,164.09亿,1054.38亿,1252.58亿,55.64亿,1308.22亿,1625.50亿
2019-06-30,,1196.07亿,1651.22亿,455.15亿,1147.55亿,,,1155.58亿,3.90亿,False,7.10亿,7.10亿,False,14.20亿,4.34亿,3.86亿,4810.13万,240.14亿,False,2026.13万,1155.58亿,1425.46亿,,False,False,False,3.40亿,False,150.14亿,150.14亿,False,25.08亿,25.08亿,False,34.66亿,1.63亿,10.56亿,False,225.76亿,1651.22亿,,False,13.26亿,13.26亿,122.57亿,False,4.12亿,32.58亿,46.18亿,4573.68万,False,45.72亿,False,False,454.37亿,,False,False,False,False,7767.47万,7767.47万,455.15亿,,12.56亿,13.75亿,False,-720.96万,164.09亿,949.34亿,1147.55亿,48.52亿,1196.07亿,1651.22亿
2019-03-31,,1293.22亿,1598.88亿,305.66亿,1240.58亿,,,1116.84亿,False,2900.00万,5.20亿,5.20亿,False,11.41亿,4.31亿,3.84亿,False,240.25亿,False,4325.10万,1117.13亿,1378.74亿,,False,False,False,False,False,151.22亿,False,False,23.87亿,False,False,35.01亿,1.66亿,8.02亿,False,220.14亿,1598.88亿,,False,11.74亿,False,113.85亿,False,4.52亿,27.04亿,35.87亿,3289.65万,False,False,False,False,305.66亿,,False,False,False,False,False,False,305.66亿,,12.56亿,13.75亿,False,-921.34万,134.44亿,1072.03亿,1240.58亿,52.64亿,1293.22亿,1598.88亿
2018-12-31,,1174.08亿,1598.47亿,424.38亿,1128.39亿,,,1120.75亿,False,False,5.64亿,5.64亿,False,11.82亿,3.94亿,3.44亿,False,235.07亿,False,1.40亿,1120.75亿,1378.62亿,,2900.00万,False,False,False,False,152.49亿,152.49亿,False,19.54亿,19.54亿,False,34.99亿,1.68亿,10.49亿,False,219.85亿,1598.47亿,,False,11.78亿,11.78亿,135.77亿,False,20.35亿,107.71亿,34.05亿,4277.05万,False,33.62亿,False,False,424.38亿,,False,False,False,False,False,False,424.38亿,,12.56亿,13.75亿,False,-706.57万,134.44亿,959.82亿,1128.39亿,45.70亿,1174.08亿,1598.47亿
2018-09-30,,1061.57亿,1471.48亿,409.91亿,1023.70亿,,,1007.51亿,False,False,6.21亿,6.21亿,False,11.21亿,4.50亿,3.82亿,False,218.62亿,False,2587.13万,1007.51亿,1248.31亿,,2900.00万,False,False,False,False,148.13亿,148.13亿,False,23.51亿,23.51亿,False,34.68亿,1.70亿,14.42亿,False,223.17亿,1471.48亿,,False,9.23亿,False,111.68亿,False,5.49亿,50.25亿,46.18亿,3382.09万,False,False,False,False,409.75亿,,False,1557.00万,1557.00万,False,False,1557.00万,409.91亿,,12.56亿,13.75亿,False,-592.88万,132.97亿,858.46亿,1023.70亿,37.87亿,1061.57亿,1471.48亿
2018-06-30,,965.04亿,1299.15亿,334.10亿,933.98亿,,,836.60亿,False,False,6.90亿,6.90亿,False,8.19亿,4.50亿,3.82亿,6806.54万,220.87亿,False,3259.82万,836.60亿,1077.39亿,,2900.00万,False,False,False,False,149.07亿,149.07亿,False,23.21亿,23.21亿,False,34.88亿,1.73亿,12.16亿,False,221.76亿,1299.15亿,,False,11.69亿,11.69亿,99.40亿,False,5.06亿,17.13亿,70.71亿,3077.78万,25.80亿,44.60亿,False,False,333.95亿,,False,1557.00万,False,1557.00万,False,1557.00万,334.10亿,,12.56亿,13.75亿,False,-851.38万,132.97亿,768.77亿,933.98亿,31.07亿,965.04亿,1299.15亿
2018-03-31,,1051.50亿,1344.05亿,292.55亿,999.58亿,,,872.11亿,9750.00万,False,7.99亿,7.99亿,False,7.57亿,8.74亿,8.33亿,4179.47万,220.26亿,False,1624.74万,872.11亿,1117.81亿,,2900.00万,False,False,False,False,151.79亿,151.79亿,False,23.77亿,23.77亿,False,34.37亿,1.75亿,14.00亿,False,226.24亿,1344.05亿,,False,10.20亿,10.20亿,131.72亿,False,3.35亿,23.85亿,36.75亿,1430.74万,False,36.60亿,False,False,292.40亿,,False,1557.00万,False,1557.00万,False,1557.00万,292.55亿,,12.56亿,13.75亿,False,-788.36万,82.16亿,885.18亿,999.58亿,51.92亿,1051.50亿,1344.05亿
2017-12-31,,960.20亿,1346.10亿,385.90亿,914.52亿,,,878.69亿,False,False,12.22亿,12.22亿,False,7.91亿,2.73亿,2.41亿,3132.35万,220.57亿,False,3753.92万,878.69亿,1122.49亿,,2900.00万,False,False,False,False,152.44亿,152.44亿,False,20.16亿,20.16亿,False,34.59亿,1.78亿,14.02亿,False,223.61亿,1346.10亿,,False,9.92亿,9.92亿,144.29亿,False,19.02亿,77.26亿,30.63亿,2341.46万,False,30.40亿,False,False,385.75亿,,False,1557.00万,False,1557.00万,False,1557.00万,385.90亿,,12.56亿,13.75亿,False,-740.16万,82.16亿,800.11亿,914.52亿,45.68亿,960.20亿,1346.10亿
2017-09-30,,883.81亿,1277.80亿,393.99亿,843.56亿,,,809.65亿,False,False,18.30亿,18.30亿,False,8.01亿,3.01亿,2.43亿,5847.55万,208.71亿,False,3553.08万,809.65亿,1048.03亿,,2900.00万,False,False,False,False,148.51亿,148.51亿,False,23.94亿,23.94亿,False,34.74亿,1.80亿,20.19亿,False,229.77亿,1277.80亿,,False,10.88亿,10.88亿,174.72亿,False,4.39亿,53.70亿,31.17亿,2474.10万,False,30.92亿,False,False,393.84亿,,False,1557.00万,False,1557.00万,False,1557.00万,393.99亿,,12.56亿,13.75亿,False,-722.96万,80.32亿,732.79亿,843.56亿,40.25亿,883.81亿,1277.80亿
2017-06-30,,790.63亿,1203.83亿,413.19亿,756.23亿,,,736.35亿,False,False,16.98亿,16.98亿,False,9.85亿,2.05亿,1.57亿,4844.76万,208.50亿,False,2414.83万,736.35亿,973.98亿,,2900.00万,False,False,False,False,150.36亿,150.36亿,False,21.91亿,21.91亿,False,34.87亿,1.83亿,18.35亿,False,229.85亿,1203.83亿,,False,10.64亿,10.64亿,177.80亿,False,4.13亿,19.43亿,113.14亿,3937.10万,85.29亿,27.46亿,False,False,413.04亿,,False,1557.00万,False,1557.00万,False,1557.00万,413.19亿,,12.56亿,13.75亿,False,-779.38万,80.32亿,645.46亿,756.23亿,34.41亿,790.63亿,1203.83亿
2017-03-31,,824.54亿,1189.79亿,365.25亿,790.18亿,,,727.08亿,False,False,11.77亿,11.77亿,False,8.61亿,3.61亿,2.39亿,1.21亿,207.60亿,False,2195.41万,727.08亿,958.89亿,,2900.00万,False,False,False,False,151.98亿,151.98亿,False,20.83亿,20.83亿,False,35.07亿,1.86亿,18.45亿,False,230.89亿,1189.79亿,,False,10.62亿,10.62亿,189.88亿,False,4.29亿,29.72亿,25.13亿,3960.63万,False,24.73亿,False,False,365.09亿,,False,1557.00万,False,1557.00万,False,1557.00万,365.25亿,,12.56亿,13.75亿,False,-1072.98万,71.36亿,688.41亿,790.18亿,34.36亿,824.54亿,1189.79亿
2016-12-31,,758.99亿,1129.35亿,370.36亿,728.94亿,,,668.55亿,3.90亿,False,8.18亿,8.18亿,False,10.46亿,2.18亿,1.41亿,7722.76万,206.22亿,False,2.31亿,668.55亿,901.81亿,,2900.00万,False,False,False,False,144.53亿,144.53亿,False,27.46亿,27.46亿,False,35.32亿,1.88亿,17.46亿,False,227.54亿,1129.35亿,,False,10.41亿,10.41亿,175.41亿,False,16.29亿,42.72亿,17.59亿,3448.16万,False,17.25亿,False,False,370.20亿,,False,1557.00万,False,1557.00万,False,1557.00万,370.36亿,,12.56亿,13.75亿,False,-1124.08万,71.36亿,627.18亿,728.94亿,30.04亿,758.99亿,1129.35亿
2016-09-30,,712.84亿,1051.46亿,338.63亿,686.43亿,,,620.00亿,False,False,11.47亿,11.38亿,850.20万,13.23亿,2.51亿,1.25亿,1.25亿,187.83亿,False,False,620.00亿,835.03亿,,2900.00万,False,False,False,False,112.51亿,112.49亿,179.30万,55.49亿,55.49亿,26.99万,35.52亿,1.90亿,9.02亿,False,216.43亿,1051.46亿,,False,1.97亿,1.97亿,173.93亿,False,4.25亿,19.40亿,14.10亿,2159.99万,False,13.89亿,False,False,338.47亿,,False,1557.00万,False,1557.00万,False,1557.00万,338.63亿,,12.56亿,13.75亿,False,-982.89万,70.84亿,587.19亿,686.43亿,26.41亿,712.84亿,1051.46亿
2016-06-30,,673.53亿,955.46亿,281.93亿,649.79亿,,,475.28亿,False,False,65.63亿,65.61亿,104.46万,12.81亿,1.37亿,8017.18万,5640.26万,184.45亿,False,False,475.28亿,739.53亿,,2900.00万,False,False,False,False,113.60亿,113.58亿,179.30万,53.73亿,53.72亿,26.99万,35.72亿,1.93亿,8.95亿,False,215.93亿,955.46亿,,False,2.87亿,2.87亿,114.81亿,False,4.27亿,18.39亿,64.64亿,4690.46万,49.77亿,14.39亿,False,False,281.78亿,,False,1557.00万,False,1557.00万,False,1557.00万,281.93亿,,12.56亿,13.75亿,False,-1074.19万,70.84亿,550.56亿,649.79亿,23.74亿,673.53亿,955.46亿
2016-03-31,,709.41亿,906.90亿,197.49亿,688.19亿,,,437.76亿,4.00亿,False,46.78亿,46.78亿,23.08万,15.23亿,1.98亿,1.34亿,6487.26万,185.38亿,False,False,437.76亿,691.14亿,,2900.00万,False,False,False,False,114.88亿,114.86亿,179.30万,52.78亿,52.78亿,26.09万,35.62亿,1.96亿,8.87亿,False,215.77亿,906.90亿,,False,5.27亿,5.27亿,85.45亿,False,4.68亿,18.72亿,13.63亿,4042.82万,False,13.22亿,False,False,197.34亿,,False,1557.00万,False,1557.00万,False,1557.00万,197.49亿,,12.56亿,13.75亿,False,-951.69万,62.11亿,597.68亿,688.19亿,21.22亿,709.41亿,906.90亿
2015-12-31,,662.34亿,863.01亿,200.67亿,639.26亿,,,368.01亿,False,False,85.79亿,85.79亿,23.08万,14.78亿,1.34亿,8534.71万,4821.90万,180.13亿,False,False,368.01亿,650.05亿,,2900.00万,False,False,False,False,114.17亿,114.16亿,68.26万,48.95亿,48.95亿,26.09万,35.82亿,1.99亿,11.55亿,False,212.97亿,863.01亿,,False,8.81亿,8.81亿,82.62亿,False,9.75亿,25.16亿,14.51亿,2740.94万,False,14.23亿,False,False,200.52亿,,False,1557.00万,False,1557.00万,False,1557.00万,200.67亿,,12.56亿,13.75亿,False,-1303.41万,62.11亿,548.79亿,639.26亿,23.08亿,662.34亿,863.01亿
2015-09-30,,619.19亿,775.59亿,156.40亿,598.48亿,,,305.36亿,False,False,82.95亿,82.91亿,382.45万,18.88亿,1.97亿,1.37亿,5981.99万,163.81亿,False,False,305.36亿,572.97亿,,2900.00万,False,False,False,False,108.92亿,108.91亿,68.26万,47.47亿,47.46亿,26.09万,36.03亿,2.02亿,7.68亿,False,202.62亿,775.59亿,,False,3.17亿,3.17亿,56.06亿,False,3.30亿,17.47亿,12.56亿,1583.14万,False,12.40亿,False,False,156.22亿,,False,1777.00万,False,1777.00万,False,1777.00万,156.40亿,,12.56亿,13.75亿,False,-1247.23万,52.49亿,518.46亿,598.48亿,20.71亿,619.19亿,775.59亿
2015-06-30,,636.62亿,723.38亿,86.76亿,613.04亿,,,302.37亿,False,False,39.55亿,39.55亿,36.64万,25.56亿,2.08亿,1.37亿,7137.65万,162.84亿,False,False,302.37亿,532.40亿,,2900.00万,5000.00万,False,False,False,103.76亿,103.76亿,False,44.47亿,44.47亿,26.09万,36.13亿,296.32万,5.49亿,False,190.98亿,723.38亿,,False,5.64亿,5.64亿,23.37亿,False,2.73亿,11.60亿,12.76亿,3312.44万,False,12.43亿,False,False,86.58亿,,False,1777.00万,False,1777.00万,False,1777.00万,86.76亿,,11.42亿,13.75亿,False,-1490.82万,52.49亿,534.19亿,613.04亿,23.57亿,636.62亿,723.38亿
2015-03-31,,599.30亿,687.69亿,88.39亿,577.86亿,,,284.21亿,False,False,28.09亿,28.08亿,49.11万,33.99亿,2.06亿,1.18亿,8801.16万,156.19亿,False,False,284.21亿,504.53亿,,400.00万,5000.00万,False,False,False,104.39亿,104.39亿,False,34.81亿,34.81亿,26.09万,35.63亿,443.79万,7.44亿,False,183.16亿,687.69亿,,False,2.80亿,2.80亿,27.91亿,False,3.15亿,13.95亿,12.05亿,2373.45万,False,11.81亿,False,False,88.21亿,,False,1777.00万,False,1777.00万,False,1777.00万,88.39亿,,11.42亿,13.75亿,False,-1034.22万,52.49亿,499.31亿,577.86亿,21.45亿,599.30亿,687.69亿
2014-12-31,,553.12亿,658.73亿,105.62亿,534.30亿,,,277.11亿,False,False,18.52亿,18.48亿,430.62万,28.64亿,1.61亿,8060.29万,8088.89万,149.82亿,False,False,277.11亿,475.71亿,,400.00万,6000.00万,False,False,False,103.76亿,103.76亿,False,34.22亿,34.22亿,26.09万,35.83亿,540.83万,8.22亿,False,183.02亿,658.73亿,,6255.25万,7.08亿,7.08亿,14.76亿,False,9.89亿,21.05亿,12.47亿,1536.52万,False,12.32亿,False,False,105.44亿,,False,1777.00万,False,1777.00万,False,1777.00万,105.62亿,,11.42亿,13.75亿,False,-61.90万,52.49亿,455.66亿,534.30亿,18.81亿,553.12亿,658.73亿
2014-09-30,,503.41亿,586.52亿,83.10亿,487.41亿,,,227.96亿,False,False,11.61亿,11.59亿,222.03万,43.98亿,1.81亿,3596.87万,1.45亿,134.55亿,False,False,227.96亿,419.91亿,,400.00万,6500.00万,275.00万,False,False,90.04亿,90.03亿,83.65万,30.53亿,30.52亿,122.48万,35.66亿,591.80万,9.51亿,False,166.61亿,586.52亿,,False,2.54亿,2.54亿,8.63亿,False,2.29亿,17.39亿,11.29亿,747.38万,False,11.21亿,False,False,82.92亿,,False,1777.00万,False,1777.00万,False,1777.00万,83.10亿,,11.42亿,13.75亿,False,False,52.77亿,409.18亿,487.41亿,16.01亿,503.41亿,586.52亿
2014-06-30,,466.24亿,552.18亿,85.94亿,452.77亿,,,210.95亿,False,False,3.02亿,3.00亿,222.03万,38.65亿,1.36亿,4022.71万,9584.63万,132.41亿,False,False,210.95亿,386.38亿,,False,6500.00万,675.00万,False,False,89.18亿,89.18亿,26.06万,29.23亿,29.21亿,122.48万,37.00亿,679.98万,9.60亿,False,165.80亿,552.18亿,,False,3.00亿,3.00亿,5.44亿,False,2.07亿,20.44亿,13.31亿,3368.48万,False,12.97亿,False,False,85.76亿,,False,1777.00万,False,1777.00万,False,1777.00万,85.94亿,,11.42亿,13.75亿,False,False,52.77亿,374.55亿,452.77亿,13.47亿,466.24亿,552.18亿
2014-03-31,,474.54亿,560.30亿,85.76亿,462.88亿,,,233.64亿,False,False,2.90亿,2.87亿,267.64万,38.82亿,2.12亿,6991.18万,1.42亿,126.98亿,False,False,233.64亿,404.46亿,,False,5000.00万,675.00万,False,False,87.68亿,87.68亿,False,22.44亿,22.42亿,172.51万,36.86亿,719.62万,8.05亿,False,155.84亿,560.30亿,,False,1.80亿,1.80亿,16.21亿,False,2.46亿,21.54亿,18.86亿,2430.84万,5.64亿,12.97亿,False,False,85.58亿,,False,1777.00万,False,1777.00万,False,1777.00万,85.76亿,,10.38亿,13.75亿,False,False,42.21亿,396.40亿,462.88亿,11.66亿,474.54亿,560.30亿
2013-12-31,,441.29亿,554.54亿,113.25亿,426.22亿,,,251.85亿,False,False,2.97亿,2.96亿,92.72万,43.05亿,3.08亿,1.89亿,1.20亿,118.37亿,False,False,251.85亿,419.32亿,,400.00万,5000.00万,False,False,False,85.23亿,85.23亿,False,4.58亿,4.56亿,172.51万,35.63亿,804.87万,8.25亿,False,135.23亿,554.54亿,,False,2.85亿,2.85亿,30.45亿,False,2.60亿,33.12亿,16.32亿,2738.39万,False,16.05亿,False,False,113.07亿,,False,1777.00万,False,1777.00万,False,1777.00万,113.25亿,,10.38亿,13.75亿,False,False,42.21亿,359.75亿,426.22亿,15.07亿,441.29亿,554.54亿
2013-09-30,,398.20亿,492.74亿,94.54亿,385.51亿,,,220.11亿,False,False,1.97亿,1.96亿,92.73万,65.14亿,4.32亿,2.91亿,1.41亿,106.86亿,False,False,220.11亿,398.41亿,,False,5000.00万,400.00万,False,False,71.66亿,71.66亿,False,5.11亿,5.08亿,267.69万,10.42亿,873.65万,6.28亿,False,94.34亿,492.74亿,,False,2.95亿,2.95亿,19.42亿,False,2.35亿,24.12亿,13.39亿,1351.41万,False,13.25亿,False,False,94.36亿,,False,1777.00万,False,1777.00万,False,1777.00万,94.54亿,,10.38亿,13.75亿,False,False,42.22亿,319.16亿,385.51亿,12.70亿,398.20亿,492.74亿
2013-06-30,,357.79亿,436.21亿,78.42亿,347.34亿,,,182.75亿,False,False,1.60亿,1.59亿,92.72万,55.61亿,3.48亿,2.38亿,1.10亿,103.39亿,False,False,182.75亿,346.83亿,,False,5000.00万,400.00万,False,False,70.47亿,70.47亿,False,5.03亿,5.01亿,267.69万,10.22亿,823.46万,3.03亿,False,89.38亿,436.21亿,,False,1.55亿,1.55亿,8.35亿,False,2.38亿,16.06亿,17.69亿,False,4.30亿,13.39亿,False,False,78.24亿,,False,1777.00万,False,1777.00万,False,1777.00万,78.42亿,,10.38亿,13.75亿,False,False,42.22亿,280.99亿,347.34亿,10.46亿,357.79亿,436.21亿
2013-03-31,,385.96亿,459.02亿,73.07亿,377.43亿,,,217.35亿,False,False,7211.48万,7077.02万,134.46万,46.83亿,2.81亿,1.70亿,1.11亿,100.85亿,False,False,217.35亿,368.56亿,,False,5000.00万,400.00万,False,False,69.84亿,69.84亿,False,4.80亿,4.78亿,267.69万,9.51亿,920.58万,5.67亿,False,90.46亿,459.02亿,,False,2.28亿,2.28亿,28.67亿,False,2.44亿,17.78亿,21.72亿,False,6.30亿,15.43亿,False,False,72.89亿,,False,1777.00万,False,1777.00万,False,1777.00万,73.07亿,,10.38亿,13.75亿,False,False,30.36亿,322.93亿,377.43亿,8.53亿,385.96亿,459.02亿
2012-12-31,,354.54亿,449.98亿,95.44亿,341.50亿,,,220.62亿,False,False,2.22亿,2.04亿,1781.81万,38.73亿,4.03亿,2.65亿,1.38亿,96.66亿,False,False,220.62亿,362.25亿,,False,5000.00万,400.00万,False,False,68.07亿,68.07亿,False,3.95亿,3.93亿,267.69万,8.63亿,1017.70万,6.44亿,False,87.73亿,449.98亿,,False,3.45亿,3.45亿,50.91亿,False,2.70亿,24.30亿,13.90亿,False,False,13.90亿,False,False,95.26亿,,False,1777.00万,False,1777.00万,False,1777.00万,95.44亿,,10.38亿,13.75亿,False,False,30.36亿,287.00亿,341.50亿,13.04亿,354.54亿,449.98亿
2012-09-30,,319.92亿,388.35亿,68.43亿,312.59亿,,,186.90亿,False,False,3.50亿,3.49亿,185.35万,39.67亿,5.91亿,2.66亿,3.25亿,78.87亿,False,False,186.90亿,314.86亿,,False,5000.00万,400.00万,False,False,58.38亿,58.38亿,False,3.60亿,3.58亿,209.03万,8.03亿,1114.83万,2.82亿,False,73.49亿,388.35亿,,False,1.92亿,1.92亿,37.47亿,False,2.30亿,13.43亿,13.13亿,False,1.96亿,11.17亿,False,False,68.26亿,,False,1777.00万,False,1777.00万,False,1777.00万,68.43亿,,10.38亿,13.75亿,False,False,30.39亿,258.08亿,312.59亿,7.32亿,319.92亿,388.35亿
2012-06-30,,284.05亿,397.11亿,113.07亿,278.37亿,,,209.82亿,False,False,2.23亿,2.22亿,198.55万,30.10亿,4.35亿,2.14亿,2.21亿,77.74亿,False,False,209.82亿,324.24亿,,False,5000.00万,400.00万,False,False,56.99亿,56.99亿,False,3.33亿,3.31亿,209.03万,8.08亿,1188.55万,3.82亿,False,72.87亿,397.11亿,,False,1.77亿,1.77亿,40.45亿,False,2.10亿,15.34亿,53.23亿,False,42.34亿,10.89亿,False,False,112.89亿,,False,1777.00万,False,1777.00万,False,1777.00万,113.07亿,,10.38亿,13.75亿,False,False,30.39亿,223.85亿,278.37亿,5.67亿,284.05亿,397.11亿
2012-03-31,,285.31亿,364.08亿,78.77亿,279.60亿,,,188.51亿,False,False,2.34亿,2.31亿,205.69万,23.26亿,2.43亿,1.55亿,8889.52万,75.78亿,False,False,188.51亿,292.33亿,,False,5000.00万,400.00万,False,False,54.90亿,54.90亿,False,3.34亿,3.17亿,1706.37万,8.06亿,1284.54万,4.79亿,False,71.75亿,364.08亿,,False,2.28亿,2.28亿,57.72亿,False,2.40亿,7.59亿,8.61亿,False,225.00万,8.59亿,False,False,78.59亿,,False,1777.00万,False,1777.00万,False,1777.00万,78.77亿,,10.38亿,13.75亿,False,False,26.41亿,229.06亿,279.60亿,5.70亿,285.31亿,364.08亿
2011-12-31,,254.03亿,349.01亿,94.97亿,249.91亿,,,182.55亿,False,False,2.54亿,2.52亿,222.54万,18.61亿,2.72亿,2.25亿,4728.75万,71.87亿,False,False,182.55亿,278.30亿,,False,6000.00万,400.00万,False,False,54.26亿,54.26亿,False,2.56亿,2.51亿,491.83万,8.08亿,1380.54万,5.03亿,False,70.71亿,349.01亿,,False,1.72亿,1.72亿,70.27亿,False,5.78亿,7.88亿,9.16亿,False,False,9.16亿,False,False,94.81亿,,False,1677.00万,False,1677.00万,False,1677.00万,94.97亿,,10.38亿,13.75亿,False,False,26.41亿,199.37亿,249.91亿,4.12亿,254.03亿,349.01亿
2011-09-30,,230.84亿,328.94亿,98.10亿,227.97亿,,,182.88亿,False,False,2.99亿,2.97亿,211.92万,19.12亿,2.56亿,1.76亿,7952.94万,62.32亿,False,False,182.88亿,269.87亿,,False,6000.00万,400.00万,False,False,47.04亿,47.04亿,False,3.02亿,2.93亿,919.36万,4.64亿,1689.37万,3.56亿,False,59.08亿,328.94亿,,False,2.57亿,2.57亿,68.18亿,False,2.24亿,14.27亿,10.65亿,False,2.26亿,8.40亿,False,False,97.91亿,,False,1953.00万,False,1953.00万,False,1953.00万,98.10亿,,10.38亿,13.75亿,False,False,22.07亿,181.77亿,227.97亿,2.87亿,230.84亿,328.94亿
2011-06-30,,215.45亿,309.20亿,93.75亿,211.35亿,,,172.92亿,False,False,2.19亿,2.16亿,229.85万,18.61亿,1.82亿,1.28亿,5439.81万,59.16亿,False,False,172.92亿,254.69亿,,False,6000.00万,400.00万,False,False,42.69亿,42.69亿,False,3.50亿,3.42亿,845.76万,4.65亿,1783.84万,2.84亿,False,54.51亿,309.20亿,,False,1.04亿,1.04亿,49.35亿,False,2.37亿,9.97亿,30.84亿,False,22.69亿,8.15亿,False,False,93.56亿,,False,1953.00万,False,1953.00万,False,1953.00万,93.75亿,,9.44亿,13.75亿,False,False,22.07亿,166.10亿,211.35亿,4.10亿,215.45亿,309.20亿
2011-03-31,,205.41亿,291.62亿,86.21亿,202.83亿,,,159.98亿,False,False,1.77亿,1.76亿,99.73万,16.09亿,1.40亿,3944.75万,1.01亿,58.32亿,False,False,159.98亿,237.57亿,,False,6000.00万,400.00万,False,False,42.19亿,42.19亿,False,3.26亿,3.12亿,1335.96万,4.67亿,1820.28万,3.11亿,False,54.05亿,291.62亿,,False,1.06亿,1.06亿,63.44亿,False,3.15亿,7.07亿,11.39亿,False,3.19亿,8.21亿,False,False,86.11亿,,False,1000.00万,False,1000.00万,False,1000.00万,86.21亿,,9.44亿,13.75亿,False,False,21.77亿,157.87亿,202.83亿,2.58亿,205.41亿,291.62亿
2010-12-31,,185.49亿,255.88亿,70.38亿,183.99亿,,,128.88亿,False,False,2.06亿,2.05亿,125.46万,15.30亿,1.02亿,4272.84万,5910.19万,55.74亿,False,False,128.88亿,203.00亿,,False,6000.00万,400.00万,False,False,41.92亿,41.92亿,False,2.82亿,2.63亿,1852.88万,4.52亿,1870.16万,2.78亿,False,52.87亿,255.88亿,,False,2.32亿,2.32亿,47.39亿,False,5.00亿,4.20亿,11.37亿,False,3.19亿,8.19亿,False,False,70.28亿,,False,1000.00万,False,1000.00万,False,1000.00万,70.38亿,,9.44亿,13.75亿,False,False,21.77亿,139.03亿,183.99亿,1.51亿,185.49亿,255.88亿
2010-09-30,,177.22亿,228.10亿,50.88亿,175.22亿,,,110.27亿,False,False,2.99亿,2.71亿,2800.32万,16.96亿,1.42亿,7669.65万,6561.19万,47.91亿,False,False,110.27亿,179.56亿,,False,6000.00万,400.00万,False,False,37.55亿,37.55亿,False,2.97亿,2.67亿,2976.46万,4.61亿,1976.88万,2.58亿,False,48.54亿,228.10亿,,False,1.41亿,1.41亿,32.62亿,False,2.29亿,4.80亿,9.66亿,False,2.20亿,7.46亿,False,False,50.78亿,,False,1000.00万,False,1000.00万,False,1000.00万,50.88亿,,9.44亿,13.75亿,False,False,17.03亿,135.00亿,175.22亿,2.00亿,177.22亿,228.10亿
2010-06-30,,167.37亿,213.34亿,45.97亿,164.47亿,,,102.69亿,False,False,2.09亿,1.80亿,2875.96万,14.92亿,1.19亿,4944.38万,6941.09万,44.95亿,False,False,102.69亿,165.83亿,,False,6000.00万,400.00万,False,False,37.31亿,37.31亿,False,3.06亿,2.78亿,2853.45万,4.64亿,1889.18万,1.66亿,False,47.51亿,213.34亿,,False,8603.69万,8603.69万,19.68亿,False,2.19亿,3.34亿,19.79亿,False,11.87亿,7.93亿,False,False,45.87亿,,False,1000.00万,False,1000.00万,False,1000.00万,45.97亿,,9.44亿,13.75亿,False,False,17.03亿,124.26亿,164.47亿,2.90亿,167.37亿,213.34亿
2010-03-31,,159.96亿,204.30亿,44.34亿,157.32亿,,,99.80亿,False,False,3.33亿,3.02亿,3107.02万,14.50亿,9194.24万,18.37万,9175.87万,43.51亿,False,False,99.80亿,162.07亿,,False,1000.00万,400.00万,False,False,32.24亿,32.24亿,49.46万,3.05亿,2.70亿,3457.38万,4.63亿,2011.20万,1.97亿,False,42.23亿,204.30亿,,False,6888.20万,6888.20万,30.62亿,False,2.22亿,3.51亿,7.20亿,False,False,7.20亿,False,False,44.24亿,,False,1000.00万,False,1000.00万,False,1000.00万,44.34亿,,9.44亿,13.75亿,False,False,15.86亿,118.27亿,157.32亿,2.64亿,159.96亿,204.30亿
2009-12-31,,146.52亿,197.70亿,51.18亿,144.66亿,,,97.43亿,False,False,4.02亿,3.81亿,2138.63万,12.03亿,9791.41万,191.26万,9600.15万,41.92亿,1700.00万,False,97.43亿,156.56亿,,False,1000.00万,400.00万,False,False,31.69亿,31.69亿,False,2.19亿,1.94亿,2491.50万,4.66亿,2146.96万,2.25亿,False,41.14亿,197.70亿,,False,1.39亿,1.39亿,35.16亿,False,4.64亿,1.41亿,8.48亿,False,1.37亿,7.11亿,False,False,51.08亿,,False,1000.00万,False,1000.00万,False,1000.00万,51.18亿,,9.44亿,13.75亿,False,False,15.86亿,105.62亿,144.66亿,1.86亿,146.52亿,197.70亿
2009-09-30,,142.16亿,167.38亿,25.22亿,139.40亿,,,78.95亿,False,False,3.18亿,2.76亿,4156.53万,11.40亿,8646.02万,167.53万,8478.50万,34.05亿,False,False,78.95亿,128.45亿,,False,2700.00万,400.00万,False,False,24.21亿,24.21亿,False,8.69亿,8.11亿,5806.63万,4.67亿,315.29万,1.02亿,False,38.93亿,167.38亿,,False,8858.71万,8858.71万,12.92亿,False,8550.43万,3.61亿,6.85亿,False,False,6.85亿,False,False,25.12亿,,False,1000.00万,False,1000.00万,False,1000.00万,25.22亿,,9.44亿,13.75亿,False,False,13.44亿,102.78亿,139.40亿,2.75亿,142.16亿,167.38亿
2009-06-30,,131.67亿,159.74亿,28.07亿,129.44亿,,,77.96亿,False,False,1.97亿,1.57亿,3987.55万,8.97亿,7090.87万,143.80万,6947.07万,32.56亿,False,False,77.96亿,122.17亿,,False,2700.00万,400.00万,False,False,22.85亿,22.85亿,False,8.68亿,8.20亿,4824.18万,4.74亿,546.24万,9373.77万,False,37.57亿,159.74亿,,False,5990.25万,5990.25万,6.56亿,False,8116.13万,3.17亿,16.82亿,False,10.59亿,6.23亿,False,False,27.97亿,,False,1000.00万,False,1000.00万,False,1000.00万,28.07亿,,9.44亿,13.75亿,False,False,13.44亿,92.81亿,129.44亿,2.23亿,131.67亿,159.74亿
2009-03-31,,126.08亿,156.26亿,30.17亿,124.62亿,,,76.62亿,False,False,2.32亿,1.76亿,5611.85万,7.15亿,6413.16万,308.46万,6104.70万,32.23亿,False,False,76.62亿,118.97亿,,False,5200.00万,400.00万,False,False,22.47亿,22.47亿,False,7.50亿,6.73亿,7621.27万,4.77亿,780.32万,1.92亿,False,37.29亿,156.26亿,,False,5628.32万,5628.32万,18.43亿,False,9459.08万,2.57亿,7.57亿,False,1.72亿,5.84亿,False,False,30.07亿,,False,1000.00万,False,1000.00万,False,1000.00万,30.17亿,,9.44亿,13.75亿,False,False,10.01亿,91.42亿,124.62亿,1.46亿,126.08亿,156.26亿
2008-12-31,,115.03亿,157.54亿,42.51亿,112.45亿,,,80.94亿,False,False,2.05亿,1.71亿,3482.51万,7.42亿,8538.49万,278.36万,8260.14万,31.15亿,False,False,80.94亿,122.41亿,,False,4200.00万,400.00万,False,False,21.90亿,21.90亿,False,6.45亿,5.83亿,6236.90万,4.45亿,1014.65万,1.77亿,False,35.13亿,157.54亿,,False,1.21亿,1.21亿,29.36亿,False,3.61亿,2.56亿,5.76亿,False,False,5.76亿,False,False,42.51亿,,False,False,False,False,False,False,42.51亿,,9.44亿,13.75亿,False,False,10.01亿,79.25亿,112.45亿,2.59亿,115.03亿,157.54亿
2008-09-30,,108.07亿,129.89亿,21.82亿,105.90亿,,,64.02亿,False,False,1.38亿,9060.82万,4734.41万,2993.68万,9239.96万,248.25万,8991.72万,25.88亿,False,2.53万,64.02亿,92.50亿,,False,3700.00万,400.00万,False,False,19.63亿,19.63亿,False,14.01亿,13.15亿,8623.86万,2.58亿,858.30万,6816.93万,False,37.39亿,129.89亿,,False,1.22亿,1.22亿,9.36亿,False,2751.53万,3.39亿,7.58亿,False,1.15亿,6.43亿,False,False,21.82亿,,False,False,False,False,False,False,21.82亿,,9.44亿,13.75亿,False,False,9.97亿,72.75亿,105.90亿,2.17亿,108.07亿,129.89亿
2008-06-30,,98.55亿,112.76亿,14.21亿,96.85亿,,,50.66亿,False,False,1.43亿,9482.19万,4782.05万,672.86万,9127.42万,218.14万,8909.28万,24.43亿,False,2.53万,50.66亿,77.50亿,,False,3700.00万,400.00万,False,False,19.47亿,19.47亿,False,12.19亿,11.98亿,2095.18万,2.59亿,1146.16万,4909.67万,False,35.26亿,112.76亿,,False,7416.37万,7416.37万,2.94亿,False,2582.32万,2.74亿,7.53亿,False,1.18亿,6.35亿,False,False,14.21亿,,False,False,False,False,False,False,14.21亿,,9.44亿,13.75亿,False,False,9.97亿,63.69亿,96.85亿,1.70亿,98.55亿,112.76亿
2008-03-31,,92.86亿,115.57亿,22.71亿,91.07亿,,,55.64亿,False,False,1.60亿,8212.75万,7778.54万,219.48万,1.04亿,188.03万,1.02亿,23.88亿,False,4.13万,55.64亿,82.19亿,,False,3700.00万,400.00万,False,False,18.70亿,18.70亿,16.43万,10.94亿,10.44亿,4987.42万,2.48亿,1394.11万,7216.04万,False,33.38亿,115.57亿,,False,6783.97万,6783.97万,12.99亿,False,59.60万,2.24亿,6.79亿,False,4180.70万,6.37亿,False,False,22.71亿,,False,False,False,False,False,False,22.71亿,,9.44亿,13.75亿,False,False,8.38亿,59.50亿,91.07亿,1.78亿,92.86亿,115.57亿
2007-12-31,,83.69亿,104.81亿,21.13亿,82.34亿,,,47.23亿,False,False,1.47亿,1.01亿,4640.72万,6.40亿,8969.87万,358.44万,8611.43万,23.05亿,False,False,47.23亿,79.04亿,,False,5800.00万,400.00万,False,False,18.27亿,18.27亿,False,3.73亿,3.62亿,1193.14万,2.49亿,1247.73万,5284.96万,False,25.77亿,104.81亿,,False,5968.20万,5968.20万,11.25亿,False,5459.64万,4.08亿,4.65亿,False,4180.70万,4.23亿,False,False,21.13亿,,False,False,False,False,False,False,21.13亿,,9.44亿,13.75亿,False,False,8.38亿,50.77亿,82.34亿,1.35亿,83.69亿,104.81亿
2007-09-30,,69.53亿,101.94亿,32.41亿,68.75亿,,,47.53亿,False,False,2.15亿,1.47亿,6878.69万,405.68万,3443.50万,262.94万,3180.56万,21.01亿,False,7800.00,47.53亿,71.08亿,,False,5800.00万,400.00万,False,False,14.36亿,14.35亿,45.66万,12.62亿,12.07亿,5499.94万,2.53亿,3669.14万,3696.65万,False,30.86亿,101.94亿,,False,5815.80万,5815.80万,22.26亿,False,5966.53万,4.45亿,4.53亿,False,4180.70万,4.11亿,False,False,32.41亿,,False,False,False,False,False,False,32.41亿,,9.44亿,13.75亿,False,False,12.65亿,32.91亿,68.75亿,7825.65万,69.53亿,101.94亿
2007-06-30,,62.19亿,102.27亿,40.08亿,61.34亿,,,48.10亿,False,False,2.45亿,1.79亿,6518.94万,62.92万,9888.54万,262.94万,9625.60万,21.20亿,False,3600.00,48.10亿,72.74亿,,False,5800.00万,400.00万,False,False,14.32亿,14.32亿,False,10.98亿,10.74亿,2346.59万,2.54亿,7055.27万,3679.96万,False,29.53亿,102.27亿,,False,6988.09万,6988.09万,24.42亿,False,5518.59万,3.03亿,11.38亿,False,7.23亿,4.15亿,False,False,40.08亿,,False,False,False,False,False,False,40.08亿,,9.44亿,13.75亿,False,False,12.65亿,25.50亿,61.34亿,8556.06万,62.19亿,102.27亿
2007-03-31,,58.88亿,98.83亿,39.95亿,58.21亿,,,46.55亿,False,False,2.99亿,1.95亿,1.04亿,522.61万,6998.59万,False,6998.59万,20.08亿,False,False,46.55亿,70.38亿,,False,5976.95万,400.00万,False,False,13.18亿,13.18亿,3.55万,10.89亿,10.74亿,1535.97万,2.55亿,6819.20万,5132.52万,False,28.45亿,98.83亿,,False,6211.14万,6211.14万,22.89亿,False,3208.77万,5.80亿,10.31亿,False,7.23亿,3.09亿,False,19.12万,39.95亿,,False,False,False,False,False,False,39.95亿,,9.44亿,13.75亿,False,False,12.54亿,22.48亿,58.21亿,6784.13万,58.88亿,98.83亿
2006-12-31,,61.68亿,95.71亿,34.03亿,60.63亿,,,44.74亿,False,False,2.54亿,1.86亿,6834.70万,314.46万,5667.60万,False,5667.60万,19.81亿,False,False,44.74亿,67.69亿,,False,4276.95万,400.00万,False,False,12.23亿,12.23亿,False,10.36亿,9.89亿,4744.47万,2.57亿,6866.40万,1.70亿,False,28.02亿,95.71亿,,False,4124.77万,4124.77万,21.41亿,False,1.09亿,8.11亿,3.00亿,False,False,3.00亿,False,False,34.03亿,,False,False,False,False,False,False,34.03亿,,9.44亿,13.74亿,False,False,6.21亿,31.24亿,60.63亿,1.04亿,61.68亿,95.71亿
2006-09-30,,54.15亿,88.06亿,33.91亿,53.44亿,,,40.84亿,False,False,3.12亿,2.33亿,7879.88万,2910.11万,4582.53万,False,4582.53万,18.84亿,False,False,40.84亿,63.56亿,,False,False,1076.75万,False,False,10.18亿,10.18亿,14.07万,12.91亿,12.09亿,8170.53万,6685.34万,6411.11万,False,False,24.50亿,88.06亿,,False,7437.17万,7437.17万,23.76亿,False,6132.35万,5.84亿,2.41亿,False,54.51万,2.41亿,False,False,33.91亿,,False,False,False,False,False,False,33.91亿,,9.44亿,13.75亿,False,False,9.67亿,20.58亿,53.44亿,7086.09万,54.15亿,88.06亿
2006-06-30,,50.58亿,78.00亿,27.41亿,50.02亿,,,34.19亿,False,False,1.82亿,1.14亿,6890.96万,1583.05万,5958.65万,False,5958.65万,18.55亿,False,False,34.19亿,55.36亿,,False,False,1038.75万,False,False,10.31亿,10.31亿,12.26万,10.92亿,10.43亿,4928.88万,6901.84万,6071.26万,False,False,22.63亿,78.00亿,,False,2172.36万,2172.36万,19.31亿,False,5549.32万,5.21亿,2.09亿,False,False,2.09亿,False,False,27.41亿,,False,False,False,False,False,False,27.41亿,,9.44亿,13.74亿,False,False,9.67亿,17.13亿,50.02亿,5665.23万,50.58亿,78.00亿
2006-03-31,,55.88亿,81.03亿,25.15亿,55.42亿,,,39.76亿,False,False,1.33亿,7201.67万,6122.18万,568.22万,6672.26万,False,6672.26万,18.00亿,False,False,39.76亿,59.87亿,,False,False,1024.30万,False,False,10.20亿,10.20亿,1.57万,9.70亿,9.43亿,2743.45万,5693.36万,5827.91万,False,False,21.16亿,81.03亿,,False,4468.15万,4468.15万,14.98亿,False,5163.16万,6.54亿,2.21亿,False,4266.57万,1.78亿,False,False,25.15亿,,False,False,False,False,False,False,25.15亿,,4.72亿,18.46亿,False,False,9.67亿,21.15亿,55.42亿,4674.16万,55.88亿,81.03亿
2005-12-31,,51.62亿,80.58亿,28.95亿,50.92亿,,,38.92亿,False,False,2.03亿,1.60亿,4368.60万,1238.59万,5124.41万,False,5124.41万,18.61亿,False,False,38.92亿,60.20亿,,False,False,1024.30万,False,False,9.81亿,9.81亿,False,9.29亿,9.10亿,1910.85万,5707.49万,6037.72万,False,False,20.38亿,80.58亿,,False,3032.92万,3032.92万,15.43亿,False,9454.92万,9.19亿,3.07亿,False,3718.18万,2.69亿,False,False,28.95亿,,False,False,False,False,False,False,28.95亿,,4.72亿,18.46亿,False,False,9.67亿,16.65亿,50.92亿,7049.75万,51.62亿,80.58亿
2005-09-30,,47.66亿,70.77亿,23.12亿,47.13亿,,,32.17亿,False,False,1.83亿,1.43亿,4067.28万,888.55万,7114.43万,False,7114.43万,16.84亿,False,False,32.17亿,51.72亿,,False,False,983.88万,False,False,7.45亿,7.45亿,1.31万,10.34亿,9.74亿,6021.27万,5722.97万,5890.04万,False,False,19.05亿,70.77亿,,False,2138.46万,2138.46万,14.33亿,False,4117.70万,5.75亿,1.88亿,False,False,1.88亿,False,False,23.12亿,,False,False,False,False,False,False,23.12亿,,4.72亿,18.46亿,False,False,6.49亿,17.09亿,47.13亿,5204.38万,47.66亿,70.77亿
2005-06-30,,46.92亿,67.29亿,20.37亿,46.50亿,,,30.65亿,False,False,1.45亿,9998.60万,4510.10万,1001.67万,5585.66万,False,5585.66万,16.68亿,False,False,30.65亿,49.48亿,,False,False,983.88万,False,False,7.05亿,7.05亿,False,9.75亿,9.29亿,4553.21万,3976.64万,5205.74万,False,False,17.81亿,67.29亿,,False,166.31万,166.31万,11.43亿,False,4198.90万,4.90亿,3.20亿,False,False,3.20亿,False,False,20.37亿,,False,False,False,False,False,False,20.37亿,,3.93亿,19.24亿,False,False,6.49亿,14.88亿,46.50亿,4181.51万,46.92亿,67.29亿
2005-03-31,,46.01亿,65.72亿,19.71亿,45.38亿,,,30.25亿,False,False,1.59亿,1.30亿,2877.31万,778.02万,5129.29万,False,5129.29万,16.40亿,False,False,30.25亿,48.86亿,,False,False,962.74万,False,False,7.19亿,7.19亿,False,8.70亿,8.49亿,2025.65万,3765.70万,4997.10万,False,False,16.85亿,65.72亿,,False,3717.61万,3717.61万,9.76亿,False,3801.49万,5.82亿,2.75亿,False,False,2.75亿,False,False,19.71亿,,False,30.00万,False,30.00万,False,30.00万,19.71亿,,3.93亿,19.24亿,False,False,6.49亿,13.76亿,45.38亿,6236.10万,46.01亿,65.72亿
2004-12-31,,42.17亿,63.74亿,21.57亿,41.69亿,,,28.98亿,False,False,1.47亿,1.15亿,3127.74万,474.46万,2917.30万,False,2917.30万,16.94亿,False,False,28.98亿,47.73亿,,False,False,981.51万,False,False,7.16亿,7.16亿,False,7.87亿,7.76亿,1099.12万,3769.95万,5093.90万,False,False,16.01亿,63.74亿,,False,3578.28万,3578.28万,10.37亿,False,6289.51万,6.00亿,4.13亿,False,1744.09万,3.96亿,False,False,21.57亿,,False,30.00万,False,30.00万,False,30.00万,21.57亿,,3.93亿,19.24亿,False,False,6.49亿,10.07亿,41.69亿,4755.89万,42.17亿,63.74亿
2004-09-30,,39.00亿,56.29亿,17.28亿,38.64亿,,,24.19亿,False,False,1.71亿,1.28亿,4293.87万,720.92万,4872.87万,False,4872.87万,15.16亿,False,False,24.19亿,41.65亿,,False,False,400.00万,False,False,6.50亿,6.50亿,14.48万,7.54亿,7.33亿,2064.48万,12.87万,5501.43万,False,False,14.64亿,56.29亿,,False,2955.47万,2955.47万,9.41亿,False,3375.68万,2.75亿,3.43亿,False,1765.26万,3.26亿,False,False,17.28亿,,False,30.00万,False,30.00万,False,30.00万,17.28亿,,3.93亿,19.24亿,False,False,4.24亿,11.23亿,38.64亿,3644.71万,39.00亿,56.29亿
2004-06-30,,38.17亿,50.41亿,12.24亿,37.88亿,,,21.73亿,False,False,9182.72万,6280.77万,2901.96万,919.82万,4725.94万,False,4725.94万,13.19亿,False,False,21.73亿,36.42亿,,False,False,400.00万,False,False,6.52亿,6.52亿,14.48万,6.93亿,6.76亿,1752.81万,17.12万,4956.11万,False,False,13.99亿,50.41亿,,False,2571.13万,2571.13万,6.89亿,False,3235.16万,2.06亿,2.17亿,False,1786.44万,2.00亿,False,False,12.24亿,,False,30.00万,False,30.00万,False,30.00万,12.24亿,,2.75亿,20.14亿,False,False,4.24亿,9.84亿,37.88亿,2891.86万,38.17亿,50.41亿
2004-03-31,,37.28亿,48.55亿,11.27亿,37.04亿,,,20.91亿,False,False,7705.41万,5411.87万,2293.54万,1143.33万,5967.62万,False,4955.80万,12.79亿,False,False,20.91亿,35.23亿,,False,False,400.00万,False,False,6.45亿,6.45亿,11.77万,6.38亿,6.38亿,False,21.37万,4566.89万,False,False,13.32亿,48.55亿,,False,1802.64万,1802.64万,5.59亿,False,5694.43万,2.14亿,2.29亿,False,2798.26万,2.01亿,False,False,11.27亿,,False,30.00万,False,30.00万,False,30.00万,11.27亿,,2.75亿,20.14亿,False,False,4.24亿,8.99亿,37.04亿,2376.77万,37.28亿,48.55亿
2003-12-31,,34.71亿,49.56亿,14.86亿,34.39亿,,,23.40亿,False,False,7402.64万,4654.04万,2748.61万,617.68万,1.20亿,False,1.20亿,12.15亿,False,False,23.40亿,37.56亿,,False,False,400.00万,False,False,4.41亿,4.41亿,6700.00,7.22亿,7.22亿,False,25.62万,3360.75万,False,False,12.00亿,49.56亿,,False,4000.47万,4000.47万,7.45亿,False,5551.38万,4.25亿,2.14亿,False,121.28万,2.13亿,False,False,14.86亿,,False,30.00万,False,30.00万,False,30.00万,14.86亿,,2.75亿,20.14亿,False,False,4.24亿,6.35亿,34.39亿,3138.16万,34.71亿,49.56亿
2003-09-30,,32.32亿,44.67亿,12.35亿,32.07亿,,,18.69亿,False,False,1.02亿,7179.54万,3002.89万,542.44万,1.00亿,False,1.00亿,12.16亿,False,False,18.69亿,33.01亿,,False,False,400.00万,False,False,4.36亿,4.36亿,6700.00,6.97亿,6.97亿,False,29.75万,2819.51万,False,False,11.66亿,44.67亿,,False,4509.53万,4509.53万,7.40亿,False,4927.71万,1.51亿,1.74亿,False,121.28万,1.73亿,False,False,12.35亿,,False,False,False,False,False,False,12.35亿,,2.75亿,20.14亿,False,False,3.41亿,5.76亿,32.07亿,2468.79万,32.32亿,44.67亿
2003-06-30,,31.25亿,39.41亿,8.16亿,31.05亿,,,15.36亿,False,False,5305.62万,2024.24万,3281.39万,309.63万,3950.51万,False,3950.51万,12.03亿,False,False,15.36亿,28.48亿,,False,False,400.00万,False,False,4.45亿,4.45亿,6700.00,6.18亿,6.18亿,False,34.00万,2584.72万,False,False,10.93亿,39.41亿,,False,3034.97万,3034.97万,4.05亿,False,4755.08万,1.09亿,1.95亿,False,5557.75万,1.40亿,False,False,8.16亿,,False,False,False,False,False,False,8.16亿,,2.75亿,20.14亿,False,False,3.41亿,4.75亿,31.05亿,1934.12万,31.25亿,39.41亿
2003-03-31,,31.00亿,39.04亿,8.03亿,30.70亿,,,16.85亿,False,False,6519.83万,550.00万,5969.83万,3143.74万,4101.04万,False,4101.04万,10.46亿,False,False,16.85亿,28.84亿,,False,False,400.00万,False,False,4.54亿,4.54亿,False,5.36亿,5.36亿,False,38.25万,2517.34万,False,False,10.20亿,39.04亿,,False,9299.73万,9299.73万,1.63亿,False,4572.85万,2.86亿,1.91亿,False,5557.75万,1.36亿,False,False,8.03亿,,False,False,False,False,False,False,8.03亿,,2.75亿,20.14亿,False,False,2.75亿,5.06亿,30.70亿,3001.82万,31.00亿,39.04亿
2002-12-31,,28.75亿,39.31亿,10.56亿,28.52亿,,,17.80亿,False,False,7975.25万,3701.68万,4273.58万,612.01万,4519.57万,False,4519.57万,10.77亿,False,False,17.80亿,29.91亿,,False,False,400.00万,False,False,4.70亿,4.70亿,False,4.43亿,4.43亿,False,42.50万,2222.15万,False,False,9.40亿,39.31亿,,False,2420.88万,2420.88万,4.53亿,False,6178.55万,3.31亿,1.83亿,False,5557.75万,1.27亿,False,False,10.56亿,,False,False,False,False,False,False,10.56亿,,2.75亿,20.14亿,False,False,2.75亿,2.88亿,28.52亿,2250.35万,28.75亿,39.31亿
2002-09-30,,28.58亿,36.96亿,8.39亿,28.40亿,,,16.77亿,False,False,7543.70万,616.73万,6926.98万,491.25万,4709.78万,False,4709.78万,10.21亿,False,False,16.77亿,28.37亿,,False,False,400.00万,False,False,4.48亿,4.48亿,False,3.89亿,3.89亿,False,46.75万,1814.85万,False,False,8.60亿,36.96亿,,False,4661.21万,4661.21万,3.19亿,False,2678.00万,1.89亿,1.99亿,False,9760.12万,1.02亿,False,False,8.39亿,,False,False,False,False,False,False,8.39亿,,2.50亿,20.39亿,False,False,2.28亿,3.23亿,28.40亿,1757.25万,28.58亿,36.96亿
2002-06-30,,27.84亿,34.21亿,6.37亿,27.69亿,,,15.14亿,False,False,8838.80万,4647.06万,4191.74万,397.86万,3955.83万,False,3955.83万,10.11亿,False,False,15.14亿,26.72亿,,False,False,400.00万,False,False,4.53亿,4.53亿,False,2.73亿,2.73亿,False,51.00万,1821.94万,False,False,7.49亿,34.21亿,,False,2221.81万,2221.81万,2.30亿,False,1078.63万,1.07亿,2.37亿,False,1.55亿,8108.41万,False,False,6.37亿,,False,False,False,False,False,False,6.37亿,,2.50亿,20.39亿,False,False,2.28亿,2.52亿,27.69亿,1479.54万,27.84亿,34.21亿
2002-03-31,,27.51亿,34.50亿,6.98亿,27.37亿,,,18.78亿,False,False,8459.00万,1668.10万,6790.90万,624.35万,2815.79万,False,2815.79万,8.20亿,False,False,18.78亿,28.38亿,,False,False,False,False,False,4.10亿,4.10亿,False,1.84亿,1.84亿,False,55.25万,1690.88万,False,False,6.11亿,34.50亿,,False,2380.66万,2380.66万,1.68亿,False,1927.39万,2.07亿,2.44亿,False,1.55亿,8820.39万,False,False,6.98亿,,False,False,False,False,False,False,6.98亿,,2.50亿,20.39亿,False,False,1.64亿,2.85亿,27.37亿,1406.61万,27.51亿,34.50亿
2001-12-31,,25.38亿,34.63亿,9.26亿,25.31亿,,,19.56亿,False,False,5844.05万,1174.00万,4670.05万,301.18万,3332.07万,False,3332.07万,7.86亿,False,False,19.56亿,28.70亿,,False,False,False,False,False,4.14亿,4.14亿,False,1.62亿,1.62亿,False,59.50万,1657.98万,False,False,5.93亿,34.63亿,,False,1008.50万,1008.50万,3.06亿,False,1982.31万,2.48亿,3.42亿,False,1.65亿,1.77亿,False,False,9.26亿,,False,False,False,False,False,False,9.26亿,,2.50亿,20.39亿,False,False,1.64亿,7811.36万,25.31亿,671.60万,25.38亿,34.63亿
2001-06-30,,5.62亿,12.14亿,6.42亿,5.62亿,,,3.36亿,False,False,7304.64万,3115.46万,4189.18万,236.55万,1270.86万,False,1270.86万,5.76亿,False,False,3.36亿,10.11亿,,False,False,False,False,False,1.78亿,1.78亿,False,False,False,False,68.00万,1616.89万,False,False,2.03亿,12.14亿,,1.09亿,3191.19万,3191.19万,6033.82万,False,False,2.19亿,1.68亿,False,1.07亿,6106.47万,False,False,6.42亿,,False,False,False,False,False,False,6.42亿,,1.85亿,8947.03万,False,False,1.15亿,1.72亿,5.62亿,False,5.62亿,12.14亿
2000-12-31,,4.44亿,12.69亿,8.25亿,4.42亿,,,4.61亿,False,False,5038.48万,250.00万,4788.48万,1524.71万,979.23万,False,979.23万,5.12亿,False,False,4.61亿,10.70亿,,False,False,False,False,False,1.81亿,1.80亿,45.00万,577.61万,577.61万,False,76.50万,1157.48万,False,False,1.99亿,12.69亿,,1.29亿,2984.99万,2984.99万,3.85亿,False,670.70万,1.63亿,1.11亿,False,561.70万,1.06亿,False,False,8.25亿,,False,False,False,False,False,False,8.25亿,,1.85亿,8843.27万,False,False,6343.54万,1.06亿,4.42亿,135.89万,4.44亿,12.69亿
1999-12-31,,2.85亿,9.15亿,6.30亿,2.85亿,,,1.98亿,False,False,1341.22万,1341.22万,False,874.55万,False,False,False,4.23亿,False,False,1.98亿,7.20亿,,False,False,False,False,False,False,False,False,False,False,False,93.50万,844.25万,False,False,1.95亿,9.15亿,,1.17亿,3091.99万,3091.99万,8601.24万,False,89.03万,2.78亿,5902.49万,False,False,5902.49万,5736.00万,False,6.30亿,,False,False,False,False,False,False,6.30亿,,1.85亿,8843.27万,False,False,616.61万,576.31万,2.85亿,False,2.85亿,9.15亿
1998-12-31,,2.34亿,7.42亿,5.08亿,2.34亿,,,1.25亿,False,False,False,False,False,1051.69万,False,False,False,3.17亿,False,False,1.25亿,5.21亿,,False,False,False,False,False,2.13亿,2.13亿,False,False,False,False,False,791.79万,False,False,2.21亿,7.42亿,,1.47亿,2562.70万,2562.70万,9384.51万,False,False,1.62亿,1861.32万,False,False,1861.32万,False,False,4.47亿,,6036.00万,False,False,False,False,6036.00万,5.08亿,,False,False,False,False,False,False,2.34亿,False,2.34亿,7.42亿
